dia_cot,cambio
2014-04-25,2.2325
2014-04-28,2.237
2014-04-29,2.2199
2014-04-30,2.236
2014-05-02,2.2221
2014-05-05,2.2286
2014-05-06,2.2322
2014-05-07,2.2282
2014-05-08,2.2107
2014-05-09,2.2192
2014-05-12,2.2164
2014-05-13,2.2101
2014-05-14,2.2129
2014-05-15,2.2166
2014-05-16,2.211
2014-05-19,2.2111
2014-05-20,2.2156
2014-05-21,2.2111
2014-05-22,2.2131
2014-05-23,2.2187
2014-05-26,2.2209
2014-05-27,2.2354
2014-05-28,2.2405
2014-05-29,2.2251
2014-05-30,2.239
2014-06-02,2.264
2014-06-03,2.2654
2014-06-04,2.2802
2014-06-05,2.2695
2014-06-06,2.2445
2014-06-09,2.2336
2014-06-10,2.2296
2014-06-11,2.2307
2014-06-12,2.2306
2014-06-13,2.2347
2014-06-16,2.2313
2014-06-17,2.2486
2014-06-18,2.2534
2014-06-20,2.238
2014-06-23,2.2195
2014-06-24,2.2217
2014-06-25,2.2052
2014-06-26,2.2089
2014-06-27,2.1975
2014-06-30,2.2025
2014-07-01,2.2054
2014-07-02,2.2134
2014-07-03,2.2281
2014-07-04,2.2149
2014-07-07,2.2201
2014-07-08,2.215
2014-07-09,2.2139
2014-07-10,2.2237
2014-07-11,2.2228
2014-07-14,2.2176
2014-07-15,2.2195
2014-07-16,2.2193
2014-07-17,2.2403
2014-07-18,2.2362
2014-07-21,2.2238
2014-07-22,2.2129
2014-07-23,2.2202
2014-07-24,2.2204
2014-07-25,2.2293
2014-07-28,2.2302
2014-07-29,2.2278
2014-07-30,2.2447
2014-07-31,2.2674
2014-08-01,2.2607
2014-08-04,2.2577
2014-08-05,2.2756
2014-08-06,2.279
2014-08-07,2.2802
2014-08-08,2.2986
2014-08-11,2.2779
2014-08-12,2.277
2014-08-13,2.2692
2014-08-14,2.2703
2014-08-15,2.269
2014-08-18,2.2595
2014-08-19,2.2587
2014-08-20,2.255
2014-08-21,2.2582
2014-08-22,2.2778
2014-08-25,2.2808
2014-08-26,2.2748
2014-08-27,2.2591
2014-08-28,2.2499
2014-08-29,2.2396
2014-09-01,2.2364
2014-09-02,2.2521
2014-09-03,2.2319
2014-09-04,2.2356
2014-09-05,2.2416
2014-09-08,2.2491
2014-09-09,2.2813
2014-09-10,2.2967
2014-09-11,2.288
2014-09-12,2.3251
2014-09-15,2.3401
2014-09-16,2.3351
2014-09-17,2.3384
2014-09-18,2.3668
2014-09-19,2.3656
2014-09-22,2.387
2014-09-23,2.4026
2014-09-24,2.407
2014-09-25,2.4085
2014-09-26,2.431
2014-09-29,2.4522
2014-09-30,2.451
2014-10-01,2.4623
2014-10-02,2.4785
2014-10-03,2.4932
2014-10-06,2.4098
2014-10-07,2.4038
2014-10-08,2.4072
2014-10-09,2.3914
2014-10-10,2.4103
2014-10-13,2.3923
2014-10-14,2.3991
2014-10-15,2.4316
2014-10-16,2.477
2014-10-17,2.4477
2014-10-20,2.4554
2014-10-21,2.4797
2014-10-22,2.4781
2014-10-23,2.5004
2014-10-24,2.4805
2014-10-27,2.5341
2014-10-28,2.4869
2014-10-29,2.4346
2014-10-30,2.4119
2014-10-31,2.4442
2014-11-03,2.4839
2014-11-04,2.5195
2014-11-05,2.5168
2014-11-06,2.5325
2014-11-07,2.5721
2014-11-10,2.539
2014-11-11,2.5644
2014-11-12,2.555
2014-11-13,2.5725
2014-11-14,2.6136
2014-11-17,2.6035
2014-11-18,2.5967
2014-11-19,2.5849
2014-11-20,2.545
2014-11-21,2.5391
2014-11-24,2.5282
2014-11-25,2.5237
2014-11-26,2.5103
2014-11-27,2.5065
2014-11-28,2.5601
2014-12-01,2.5624
2014-12-02,2.5664
2014-12-03,2.5607
2014-12-04,2.5797
2014-12-05,2.5888
2014-12-08,2.5923
2014-12-09,2.6016
2014-12-10,2.5931
2014-12-11,2.6271
2014-12-12,2.6558
2014-12-15,2.6717
2014-12-16,2.7403
2014-12-17,2.7246
2014-12-18,2.6676
2014-12-19,2.6486
2014-12-22,2.6527
2014-12-23,2.6775
2014-12-24,2.6832
2014-12-26,2.6812
2014-12-29,2.6783
2014-12-30,2.6562
2014-12-31,2.6562
2015-01-02,2.6929
2015-01-05,2.7107
2015-01-06,2.7023
2015-01-07,2.6807
2015-01-08,2.6919
2015-01-09,2.6583
2015-01-12,2.6575
2015-01-13,2.6485
2015-01-14,2.6222
2015-01-15,2.6122
2015-01-16,2.6193
2015-01-19,2.6243
2015-01-20,2.6247
2015-01-21,2.5968
2015-01-22,2.5754
2015-01-23,2.5856
2015-01-26,2.5966
2015-01-27,2.5809
2015-01-28,2.5797
2015-01-29,2.596
2015-01-30,2.6623
2015-02-02,2.6894
2015-02-03,2.7059
2015-02-04,2.7148
2015-02-05,2.7386
2015-02-06,2.7641
2015-02-09,2.7873
2015-02-10,2.8075
2015-02-11,2.8576
2015-02-12,2.8625
2015-02-13,2.8392
2015-02-18,2.843
2015-02-19,2.8545
2015-02-20,2.8701
2015-02-23,2.8811
2015-02-24,2.8649
2015-02-25,2.8646
2015-02-26,2.8728
2015-02-27,2.8782
2015-03-02,2.8655
2015-03-03,2.9051
2015-03-04,2.9804
2015-03-05,2.9931
2015-03-06,3.0366
2015-03-09,3.1018
2015-03-10,3.1299
2015-03-11,3.1162
2015-03-12,3.1171
2015-03-13,3.2264
2015-03-16,3.2257
2015-03-17,3.2683
2015-03-18,3.2518
2015-03-19,3.2642
2015-03-20,3.2423
2015-03-23,3.18
2015-03-24,3.131
2015-03-25,3.1476
2015-03-26,3.1915
2015-03-27,3.2259
2015-03-30,3.2601
2015-03-31,3.208
2015-04-01,3.1556
2015-04-02,3.1492
2015-04-06,3.0926
2015-04-07,3.1231
2015-04-08,3.0834
2015-04-09,3.0466
2015-04-10,3.0796
2015-04-13,3.1011
2015-04-14,3.088
2015-04-15,3.0681
2015-04-16,3.0249
2015-04-17,3.0544
2015-04-20,3.0473
2015-04-22,3.0186
2015-04-23,3.0084
2015-04-24,2.9745
2015-04-27,2.9236
2015-04-28,2.8943
2015-04-29,2.9375
2015-04-30,2.9936
2015-05-04,3.0754
2015-05-05,3.0626
2015-05-06,3.042
2015-05-07,3.0421
2015-05-08,2.9966
2015-05-11,3.0175
2015-05-12,3.0389
2015-05-13,3.0103
2015-05-14,3.0032
2015-05-15,2.9894
2015-05-18,3.0145
2015-05-19,3.0284
2015-05-20,3.0347
2015-05-21,3.0295
2015-05-22,3.0653
2015-05-25,3.1212
2015-05-26,3.1351
2015-05-27,3.174
