id,vendas,primeira_venda,ultima_venda,dias_entre,preco_usd_inicial,preco_usd_final,preco_inicial,preco_final,variacao_usd_pct,variacao_reais_pct,mesmo_dia,mudanca_area,mudanca_grade,mudanca_banheiros,mudanca_ano,mudanca_localizacao
0001000102,2,2014-09-16,2015-04-22,218,280000.0,300000.0,653828.0,905580.0,7.14285714285714,38.5043161198358,False,False,False,False,False,False
0007200179,2,2014-10-16,2015-04-24,190,150000.0,175000.0,371550.0,520537.5,16.666666666666675,40.098909971740014,False,False,False,False,False,False
0109200390,2,2014-08-20,2014-10-20,61,245000.0,250000.0,552475.0,613850.0,2.0408163265306145,11.109099959274182,False,False,False,False,False,False
0123039336,2,2014-06-11,2014-12-08,180,148000.0,244900.0,330143.60000000003,634854.2699999999,65.47297297297297,92.29640374673318,False,False,False,False,False,False
0251300110,2,2014-07-31,2015-01-14,167,225000.0,358000.0,510164.99999999994,938747.6,59.111111111111114,84.00862466064902,False,False,False,False,False,False
0302000375,2,2014-08-14,2015-05-06,265,169100.0,250000.0,383907.73000000004,760500.0,47.84151389710232,98.09447441967369,False,False,False,False,False,False
0324000530,2,2014-07-08,2015-03-23,258,201500.0,459000.0,446322.5,1459620.0,127.79156327543424,227.03258294170695,False,False,False,False,False,False
0526059224,2,2014-09-23,2015-02-06,136,260000.0,470000.0,624676.0,1299127.0,80.76923076923077,107.96813067894395,False,False,False,False,False,False
0641900050,2,2014-08-19,2015-02-06,171,335000.0,499950.0,756664.5,1381911.795,49.238805970149244,82.6320377128833,False,False,False,False,False,False
0643300040,2,2014-11-04,2015-03-13,129,481000.0,719521.0,1211879.5,2321462.5544,49.58856548856549,91.55885996916358,False,False,False,False,False,False
0705730280,2,2014-08-19,2015-04-21,245,325000.0,335000.0,734077.5,1020845.5,3.076923076923066,39.06508508978956,False,False,False,False,False,False
0722039087,2,2014-09-23,2015-05-04,223,220500.0,329000.0,529773.3,1011806.6000000001,49.20634920634921,90.98859833064445,False,False,False,False,False,False
0723049156,2,2014-05-23,2014-11-12,173,149000.0,284700.0,330586.3,727408.5,91.07382550335569,120.03588775457423,False,False,False,False,False,False
0726049190,2,2014-10-02,2015-02-18,139,287500.0,431000.0,712568.75,1225333.0,49.91304347826087,71.95996877494278,False,False,False,False,False,False
0795000620,3,2014-09-24,2015-03-11,168,115000.0,157000.0,276805.0,489243.4,36.521739130434774,76.74659056014161,False,False,False,False,False,False
0937000330,2,2014-12-24,2015-03-19,85,157000.0,246500.0,421262.39999999997,804625.3,57.00636942675159,91.00335088059133,False,False,False,False,False,False
1036400200,2,2015-02-13,2015-04-29,75,661000.0,697000.0,1876711.2,2047437.5,5.446293494705001,9.097100289058858,False,False,False,False,False,False
1139600270,2,2014-07-01,2015-03-24,266,300000.0,310000.0,661620.0,970609.9999999999,3.3333333333333437,46.702034400411094,False,False,False,False,False,False
1217000340,2,2014-06-06,2015-02-19,258,185000.0,340000.0,415232.5,970529.9999999999,83.78378378378379,133.73170452698187,False,False,False,False,False,False
1219000473,2,2014-06-26,2015-03-23,270,164950.0,371000.0,364358.055,1179780.0,124.91664140648679,223.79687612505234,False,False,False,False,False,False
1231000510,2,2014-09-22,2015-05-04,224,263000.0,510000.0,627781.0,1568454.0,93.91634980988593,149.8409477190294,False,False,False,False,False,False
1232000810,2,2014-09-12,2015-03-26,195,340000.0,537000.0,790534.0,1713835.5,57.94117647058823,116.79466031821528,False,False,False,False,False,False
1237500540,2,2014-10-21,2014-12-22,62,225000.0,270000.0,557932.5,716229.0,19.999999999999996,28.371980481509862,False,False,False,False,False,False
1250201165,2,2014-11-21,2015-03-17,116,441000.0,474500.0,1119743.0999999999,1550808.35,7.5963718820861725,38.496798953259926,False,False,False,False,False,False
1254200015,2,2014-12-16,2015-04-08,113,405000.0,625000.0,1109821.5,1927125.0,54.32098765432099,73.64278850247538,False,False,False,False,False,False
1423049019,2,2014-05-23,2015-03-31,312,90000.0,220000.0,199683.0,705760.0,144.44444444444446,253.44020272131326,False,False,False,False,False,False
1432400120,2,2014-11-11,2015-05-08,178,165000.0,255000.0,423126.0,764133.0,54.54545454545454,80.59230583797734,False,False,False,False,False,False
1446403850,2,2014-09-16,2015-01-14,120,118125.0,212000.0,275833.6875,555906.4,79.47089947089947,101.53680467328705,False,False,False,False,False,False
1450100390,2,2014-09-05,2015-03-16,192,125000.0,208000.0,280200.0,670945.6,66.39999999999999,139.45239114917914,False,False,False,False,False,False
1523049207,2,2014-08-05,2015-01-14,162,161000.0,220000.0,366371.6,576884.0,36.645962732919244,57.45871131932716,False,False,False,False,False,False
1524079093,2,2014-08-27,2015-03-18,203,275000.0,369500.0,621252.5,1201540.0999999999,34.363636363636374,93.40607884877726,False,False,False,False,False,False
1545800290,2,2014-09-05,2015-04-08,215,215000.0,315000.0,481944.0,971271.0,46.51162790697674,101.53192072107964,False,False,False,False,False,False
1568100300,2,2014-09-17,2015-01-21,126,350000.0,682500.0,818440.0,1772316.0,95.0,116.54806705439617,False,False,False,False,False,False
1630700361,2,2014-06-27,2015-04-09,286,530000.0,583500.0,1164675.0,1777691.1,10.094339622641503,52.63409105544466,False,False,False,False,False,False
1721801010,2,2014-09-03,2015-04-24,233,225000.0,302100.0,502177.5,898596.45,34.266666666666666,78.94000627268245,False,False,False,False,False,False
1781500435,2,2014-08-20,2015-02-25,189,260000.0,575000.0,586300.0,1647145.0,121.15384615384616,180.93893910967083,False,False,False,False,False,False
1788800630,2,2014-10-29,2015-02-25,119,96500.0,185000.0,234938.90000000002,529951.0,91.70984455958549,125.56971195489548,False,False,False,False,False,False
1788900230,2,2014-07-22,2015-04-03,255,86500.0,199950.0,191415.84999999998,629682.54,131.15606936416185,228.96050144227874,False,False,False,False,False,False
1823049202,2,2014-06-10,2015-01-07,211,175000.0,326000.0,390180.0,873908.2,86.28571428571428,123.97565226305804,False,False,False,False,False,False
1825069031,2,2014-08-14,2014-10-16,63,550000.0,550000.0,1248665.0,1362350.0,0.0,9.10452363123817,False,False,False,False,False,False
1901600090,2,2014-06-26,2015-04-26,304,359000.0,390000.0,792995.1,1160055.0,8.635097493036215,46.28778916792802,False,False,False,False,False,False
1922059278,2,2014-10-14,2015-03-05,142,145000.0,255000.0,347869.49999999994,763240.5,75.86206896551724,119.40425935587919,False,False,False,False,False,False
1954420170,2,2014-05-21,2014-11-13,176,368250.0,580000.0,814237.5750000001,1492049.9999999998,57.50169721656484,83.24504368396406,False,False,False,False,False,False
1974300020,2,2014-08-27,2015-02-18,175,380000.0,624900.0,858458.0,1776590.7,64.44736842105263,106.95138259530461,False,False,False,False,False,False
1995200200,2,2014-05-06,2014-10-08,155,313950.0,415000.0,700799.1900000001,998988.0,32.18665392578437,42.54982229645557,False,False,False,False,False,False
2019200220,2,2014-09-23,2015-02-26,156,160000.0,269000.0,384416.0,772783.2,68.12499999999999,101.02784483476235,False,False,False,False,False,False
2023049218,2,2014-07-16,2015-03-16,243,105500.0,445000.0,234136.15,1435436.5,321.8009478672986,513.0776900534155,False,False,False,False,False,False
2044500213,2,2014-06-17,2015-01-26,223,310000.0,449000.0,697066.0,1165873.4,44.83870967741937,67.25437763425558,False,False,False,False,False,False
2143700830,2,2014-10-06,2015-03-12,157,207000.0,370000.0,498828.60000000003,1153327.0,78.743961352657,131.20707192811318,False,False,False,False,False,False
2206700215,2,2014-08-22,2015-04-22,243,375000.0,550000.0,854175.0,1660230.0,46.66666666666666,94.36649398542454,False,False,False,False,False,False
2212200100,2,2014-10-22,2015-04-22,182,229950.0,344900.0,569839.095,1041115.14,49.989128071319854,82.70335418106055,False,False,False,False,False,False
2228900270,2,2014-08-12,2015-02-12,184,215000.0,302000.0,489555.0,864475.0,40.46511627906977,76.58383634116699,False,False,False,False,False,False
2231500030,2,2014-10-01,2015-03-24,174,315000.0,530000.0,775624.5,1659430.0,68.25396825396825,113.94759964389985,False,False,False,False,False,False
2422049104,2,2014-09-15,2014-12-30,106,85000.0,235000.0,198908.5,624207.0,176.47058823529412,213.81615164761686,False,False,False,False,False,False
2473380920,2,2014-08-13,2015-02-27,198,206325.0,339000.0,468192.69,975709.8,64.30388949472918,108.39919563887253,False,False,False,False,False,False
2560801222,2,2014-06-18,2014-11-13,148,180000.0,309950.0,405612.0,797346.3749999999,72.19444444444446,96.57859604745418,False,False,False,False,False,False
2561340020,2,2014-08-04,2015-02-17,197,325000.0,500000.0,733752.4999999999,1419600.0,53.846153846153854,93.47123178455954,False,False,False,False,False,False
2568300045,2,2014-06-25,2015-03-19,267,305000.0,649950.0,672586.0,2121566.79,113.09836065573768,215.4342775496368,False,False,False,False,False,False
2619920170,2,2014-10-01,2014-12-19,79,772500.0,765000.0,1902126.75,2026179.0,-0.9708737864077666,6.5217657025221865,False,False,False,False,False,False
2621600015,2,2015-01-21,2015-04-30,99,120000.0,175000.0,311616.0,523879.99999999994,45.83333333333333,68.11716985007186,False,False,False,False,False,False
2724049222,2,2014-08-02,2014-12-01,121,163800.0,220000.0,370302.66,563728.0,34.3101343101343,52.23439118692803,False,False,False,False,False,False
2726049071,2,2014-12-11,2015-04-08,118,510000.0,489950.0,1339821.0,1510711.83,-3.931372549019607,12.754750821191795,False,False,False,False,False,False
2767602141,2,2014-09-05,2014-12-22,108,525000.0,650000.0,1176840.0,1724255.0,23.809523809523814,46.51566907990892,False,False,False,False,False,False
2767603612,2,2014-05-12,2015-01-13,246,500000.0,489000.0,1108200.0,1295116.5,-2.200000000000002,16.866675690308618,False,False,False,False,False,False
2787460720,2,2015-02-27,2015-05-06,68,200000.0,259950.0,575640.0,790767.8999999999,29.974999999999994,37.37195121951218,False,False,False,False,False,False
2892700041,2,2014-07-14,2015-01-28,198,168000.0,238000.0,372556.8,613968.6,41.66666666666667,64.79865620490621,False,False,False,False,False,False
3185600040,2,2014-05-22,2014-12-24,216,180000.0,310000.0,398358.0,831791.9999999999,72.22222222222223,108.80514512072055,False,False,False,False,False,False
3262300940,2,2014-11-07,2015-02-10,95,875000.0,940000.0,2250587.5,2639050.0,7.428571428571429,17.260493093470043,False,False,False,False,False,False
3271300955,2,2014-07-03,2015-02-24,236,554729.0,868000.0,1235991.6849,2486733.2,56.472800232185435,101.19335998617123,False,False,False,False,False,False
3293700496,2,2014-08-14,2014-12-04,112,270000.0,450000.0,612981.0,1160865.0,66.66666666666667,89.38025811566754,False,False,False,False,False,False
3303000130,2,2015-01-16,2015-04-28,102,370000.0,520000.0,969141.0,1505036.0,40.54054054054055,55.295875419572596,False,False,False,False,False,False
3323059027,2,2014-05-28,2015-02-25,273,326000.0,340000.0,730403.0,973963.9999999999,4.294478527607359,33.34611166712074,False,False,False,False,False,False
3332000615,2,2014-10-20,2015-04-22,184,310000.0,389000.0,761174.0,1174235.4000000001,25.48387096774194,54.26635696962852,False,False,False,False,False,False
3333002450,2,2014-07-08,2015-01-22,198,165000.0,490000.0,365475.0,1261946.0,196.96969696969697,245.28928107257678,False,False,False,False,False,False
3395040550,2,2014-07-28,2015-04-29,275,250000.0,320000.0,557550.0,940000.0,28.000000000000004,68.59474486593132,False,False,False,False,False,False
3432501415,2,2014-07-14,2014-11-11,120,265000.0,399000.0,587664.0,1023195.6,50.566037735849065,74.1123499142367,False,False,False,False,False,False
3523069060,2,2014-11-07,2015-04-01,145,290000.0,415000.0,745909.0,1309574.0,43.10344827586208,75.56752901493347,False,False,False,False,False,False
3528000040,2,2014-10-01,2015-03-26,176,1690000.0,1800000.0,4161287.0,5744700.0,6.5088757396449815,38.05104045935788,False,False,False,False,False,False
3558900590,2,2014-11-25,2015-03-24,119,360000.0,692500.0,908531.9999999999,2168217.5,92.36111111111111,138.65064741803263,False,False,False,False,False,False
3578401060,2,2014-12-16,2015-05-04,139,345000.0,625000.0,945403.5,1922125.0,81.15942028985508,103.3126596209978,False,False,False,False,False,False
3598600049,2,2014-10-03,2015-04-24,203,124000.0,224000.0,309156.8,666288.0,80.64516129032258,115.51782137737226,False,False,False,False,False,False
3630120700,2,2014-05-13,2015-01-07,239,757000.0,765000.0,1673045.7000000002,2050735.5,1.0568031704095038,22.57498405453,False,False,False,False,False,False
3739500096,2,2015-01-26,2015-05-05,99,229000.0,430000.0,594621.4,1316918.0,87.77292576419214,121.47167929038542,False,False,False,False,False,False
3883800011,2,2014-11-05,2015-04-08,154,82000.0,219900.0,206377.6,678039.66,168.17073170731706,228.54324306513885,False,False,False,False,False,False
3904100089,2,2014-08-01,2015-03-18,229,190000.0,300000.0,429533.0,975539.9999999999,57.89473684210527,127.11642644453391,False,False,False,False,False,False
3935900232,2,2014-09-29,2015-01-12,105,207000.0,237000.0,507605.39999999997,629827.5,14.492753623188403,24.078171745217848,False,False,False,False,False,False
3969300030,2,2014-07-23,2014-12-29,159,165000.0,239900.0,366333.0,642524.17,45.393939393939384,75.39347260552557,False,False,False,False,False,False
4031000520,2,2014-07-08,2014-11-25,140,115000.0,227000.0,254724.99999999997,572879.8999999999,97.39130434782608,124.90132495828834,False,False,False,False,False,False
4139420590,2,2014-05-20,2014-08-27,99,1212500.0,1200000.0,2686414.9999999995,2710920.0,-1.0309278350515427,0.9121822205430119,False,False,False,False,False,False
4139440480,2,2014-06-26,2014-12-01,158,695000.0,796500.0,1535185.5,2040951.5999999999,14.604316546762597,32.944950300794254,False,False,False,False,False,False
4139480200,2,2014-06-18,2014-12-09,174,1384000.0,1400000.0,3118705.6,3642240.0,1.1560693641618602,16.786913134731286,False,False,False,False,False,False
4154300296,2,2014-09-26,2015-03-18,173,235000.0,545000.0,571285.0,1772231.0,131.91489361702128,210.21836736480043,False,False,False,False,False,False
4202400078,2,2015-01-28,2015-04-28,90,175000.0,335000.0,451447.5,969590.5,91.42857142857143,114.77370015339545,False,False,False,False,False,False
4204400098,2,2015-01-19,2015-04-21,92,250000.0,385000.0,656075.0,1173210.5,54.0,78.82261936516403,False,False,False,False,False,False
4222310010,2,2014-12-26,2015-04-20,115,152500.0,267950.0,408883.0,816524.0349999999,75.70491803278689,99.69625418518253,False,False,False,False,False,False
4302201085,2,2014-09-18,2015-05-06,230,248000.0,546940.0,586966.4,1663791.48,120.54032258064518,183.45600020716688,False,False,False,False,False,False
4305200070,2,2014-05-19,2014-09-22,126,350000.0,561000.0,773885.0,1339107.0,60.28571428571428,73.03694993442178,False,False,False,False,False,False
4345000510,2,2014-10-15,2015-04-28,195,180500.0,325000.0,438903.8,940647.5,80.05540166204985,114.31746546737575,False,False,False,False,False,False
4364700600,2,2014-12-16,2015-03-30,104,216000.0,390000.0,591904.8,1271439.0,80.55555555555556,114.80464426036079,False,False,False,False,False,False
4435000705,2,2014-07-08,2015-03-09,244,160000.0,255500.0,354400.0,792509.9,59.68750000000001,123.62017494356658,False,False,False,False,False,False
4443800385,2,2014-08-18,2015-05-06,261,410000.0,778100.0,926395.0,2366980.1999999997,89.78048780487804,155.50442305927814,False,False,False,False,False,False
5054800110,2,2014-10-16,2015-02-13,120,238000.0,328000.0,589526.0,931257.6,37.81512605042017,57.96718041273836,False,False,False,False,False,False
5083000375,2,2014-10-27,2015-03-19,143,170000.0,235000.0,430797.0,767087.0,38.23529411764706,78.062289198857,False,False,False,False,False,False
5101402435,2,2014-06-03,2015-03-04,274,312000.0,539000.0,706804.8,1606435.5999999999,72.75641025641026,127.28136537839015,False,False,False,False,False,False
5101405604,2,2014-08-14,2015-04-28,257,350000.0,395000.0,794605.0000000001,1143248.5,12.857142857142856,43.876328490256135,False,False,False,False,False,False
5127001320,2,2014-11-25,2015-02-23,90,190000.0,314950.0,479502.99999999994,907402.445,65.76315789473684,89.23811634129505,False,False,False,False,False,False
5132000140,2,2014-06-18,2015-01-20,216,175000.0,415000.0,394345.0,1089250.5,137.14285714285714,176.21765205594087,False,False,False,False,False,False
5249801440,2,2014-12-16,2015-04-22,127,250000.0,570000.0,685075.0,1720602.0,127.99999999999999,151.1552749698938,False,False,False,False,False,False
5282200015,2,2014-05-27,2015-01-26,244,525000.0,840000.0,1173585.0,2181144.0,60.00000000000001,85.85309116936565,False,False,False,False,False,False
5332200530,2,2014-06-13,2015-04-24,315,910000.0,1015000.0,2033577.0000000002,3019117.5,11.538461538461542,48.46339725518136,False,False,False,False,False,False
5417600130,2,2014-10-10,2015-05-12,214,244500.0,301000.0,589318.35,914708.9,23.1083844580777,55.214732410758984,False,False,False,False,False,False
5430300171,2,2014-07-03,2015-01-29,210,430000.0,615500.0,958083.0,1597838.0,43.139534883720934,66.77448613533483,False,False,False,False,False,False
5536100020,2,2014-12-15,2015-05-12,148,987000.0,1190000.0,2636967.9,3616291.0,20.567375886524818,37.13822606638482,False,False,False,False,False,False
6021500970,2,2014-05-28,2015-04-07,314,345000.0,874950.0,772972.5,2732556.345,153.60869565217394,253.51275045360606,False,False,False,False,False,False
6021501535,2,2014-07-25,2014-12-23,151,430000.0,700000.0,958598.9999999999,1874250.0000000002,62.7906976744186,95.5197115790858,False,False,False,False,False,False
6117501820,2,2014-06-18,2015-04-28,314,250275.0,435000.0,563969.685,1259020.5,73.80881030866047,123.24258439529419,False,False,False,False,False,False
6141100320,2,2014-07-07,2015-02-13,221,245000.0,570000.0,543924.5,1618344.0,132.6530612244898,197.53099924713817,False,False,False,False,False,False
6143000020,2,2014-10-27,2015-04-06,161,175000.0,299000.0,443467.5,924687.4,70.85714285714286,108.5130026439367,False,False,False,False,False,False
6300000226,2,2014-06-26,2015-05-04,312,240000.0,380000.0,530136.0,1168652.0,58.33333333333333,120.44381064481567,False,False,False,False,False,False
6308000010,2,2014-12-08,2015-04-23,136,585000.0,585000.0,1516495.5,1759914.0,0.0,16.05138294178914,False,False,False,False,False,False
6381500170,2,2014-08-26,2015-01-16,143,235000.0,365000.0,534578.0,956044.5,55.3191489361702,78.84097362779615,False,False,False,False,False,False
6623400187,2,2014-09-23,2015-02-20,150,185000.0,365000.0,444481.0,1047586.5,97.2972972972973,135.68757719677555,False,False,False,False,False,False
6632900574,2,2014-08-06,2015-02-25,203,367500.0,595000.0,837532.5,1704437.0,61.904761904761905,103.50696838630142,False,False,False,False,False,False
6669020290,2,2014-10-23,2015-03-04,132,169000.0,279950.0,422567.6,834362.98,65.6508875739645,97.4507700069764,False,False,False,False,False,False
6751300375,2,2014-07-02,2014-10-16,106,415000.0,522500.0,918561.0,1294232.5,25.903614457831313,40.89782823350872,False,False,False,False,False,False
6791200120,2,2014-09-23,2015-04-07,196,480000.0,515000.0,1153248.0,1608396.5,7.291666666666674,39.46666285135547,False,False,False,False,False,False
7129304540,2,2014-12-20,2015-05-14,145,133000.0,440000.0,352263.8,1321408.0,230.82706766917292,275.1188739802387,False,False,False,False,False,False
7167000040,2,2014-08-13,2015-03-05,204,740000.0,700000.0,1679208.0,2095170.0,-5.405405405405405,24.771320765503745,False,False,False,False,False,False
7227800055,2,2014-09-09,2014-11-24,76,199500.0,247000.0,455119.35,624465.4,23.809523809523814,37.209151841159915,False,False,False,False,False,False
7230400400,2,2014-09-26,2015-03-26,181,240000.0,415500.0,583440.0,1326068.25,73.125,127.28442513368985,False,False,False,False,False,False
7387500235,2,2014-05-15,2015-03-17,306,340000.0,363000.0,753644.0,1186392.9,6.764705882352939,57.42086449304975,False,False,False,False,False,False
7409700215,2,2014-06-06,2015-03-13,280,550000.0,921500.0,1234475.0,2973127.6,67.54545454545455,140.84145891978372,False,False,False,False,False,False
7504021310,2,2014-05-06,2014-12-04,212,525000.0,745000.0,1171905.0,1921876.5,41.90476190476191,63.99592970419958,False,False,False,False,False,False
7520000520,2,2014-09-05,2015-03-11,187,232000.0,240500.0,520051.2,749446.1,3.663793103448265,44.110060701715526,False,False,False,False,False,False
7520000695,2,2014-11-04,2015-04-21,168,151100.0,251000.0,380696.44999999995,764872.2999999999,66.11515552614162,100.9139565131222,False,False,False,False,False,False
7524400250,2,2014-08-22,2014-11-24,94,424240.0,589950.0,966333.872,1491511.59,39.06043748821422,54.34743966006814,False,False,False,False,False,False
7657000540,2,2014-09-02,2015-03-04,183,165000.0,260000.0,371596.5,774904.0,57.57575757575757,108.53371869756576,False,False,False,False,False,False
7701960990,2,2014-06-16,2014-08-19,64,862000.0,870000.0,1923380.6,1965069.0000000002,0.9280742459396807,2.167454532919799,False,False,False,False,False,False
7853400250,2,2014-06-04,2015-02-19,260,610000.0,645000.0,1390921.9999999998,1841152.4999999998,5.737704918032782,32.36921265175185,False,False,False,False,False,False
7853420110,2,2014-10-03,2015-05-04,213,594866.0,625000.0,1483119.9112,1922125.0,5.065678657042083,29.600107549280953,False,False,False,False,False,False
7856400240,2,2014-06-27,2015-02-11,229,1620000.0,1650000.0,3559949.9999999995,4715040.0,1.85185185185186,32.44680402814648,False,False,False,False,False,False
7856400300,2,2014-07-02,2015-03-22,263,1411600.0,1505000.0,3124435.44,4879661.5,6.616605270614895,56.17738288104939,False,False,False,False,False,False
7888000390,2,2014-06-27,2015-04-01,278,140000.0,235000.0,307649.99999999994,741566.0,67.85714285714286,141.04209328782713,False,False,False,False,False,False
7893805650,2,2014-05-05,2015-03-13,312,210000.0,475000.0,468006.0,1532540.0,126.19047619047619,227.4616137399948,False,False,False,False,False,False
7899800045,2,2014-08-28,2014-12-02,96,107000.0,232900.0,240739.3,597714.5599999999,117.66355140186917,148.28291849315835,False,False,False,False,False,False
7961500010,2,2014-08-06,2015-03-04,210,245000.0,520000.0,558355.0,1549808.0,112.24489795918369,177.56678099058846,False,False,False,False,False,False
7972000010,2,2014-05-20,2014-10-21,154,120750.0,195000.0,267533.69999999995,483541.49999999994,61.490683229813655,80.74040765705406,False,False,False,False,False,False
7977201065,2,2014-11-04,2015-03-05,121,350000.0,740000.0,881825.0,2214894.0,111.42857142857143,151.1716043432654,False,False,False,False,False,False
7983000200,2,2014-10-05,2015-02-25,143,169575.0,250000.0,422784.38999999996,716150.0,47.42739200943535,69.38894077901033,False,False,False,False,False,False
8062900070,2,2014-09-09,2015-02-13,157,272000.0,369000.0,620513.6,1047664.7999999999,35.66176470588236,68.83833005432918,False,False,False,False,False,False
8103000110,2,2014-06-03,2015-02-05,247,280000.0,490000.0,634312.0,1341914.0,75.0,111.55425090491744,False,False,False,False,False,False
8121100395,2,2014-06-24,2015-03-11,260,425000.0,645000.0,944222.4999999999,2009949.0,51.764705882352935,112.86815342782029,False,False,False,False,False,False
8129700644,2,2014-07-03,2015-04-24,295,715000.0,780000.0,1593091.5,2320110.0,9.090909090909083,45.63570265738033,False,False,False,False,False,False
8161020060,2,2014-06-20,2015-04-14,298,443500.0,471000.0,992553.0,1454448.0,6.200676437429542,46.53605399409402,False,False,False,False,False,False
8564860270,2,2014-07-08,2015-03-30,265,449990.0,502000.0,996727.85,1636570.2,11.55803462299163,64.19428834059366,False,False,False,False,False,False
8645530010,2,2014-05-15,2015-03-25,314,225000.0,295000.0,498735.0,928542.0,31.11111111111111,86.17943396793888,False,False,False,False,False,False
8648900110,2,2014-05-05,2014-08-26,113,555000.0,555000.0,1236873.0,1262514.0,0.0,2.073050345508398,False,False,False,False,False,False
8651402750,2,2015-02-18,2015-04-30,71,132825.0,219950.0,377621.475,658442.32,65.5938264633917,74.36569781948974,False,False,False,False,False,False
8651510380,2,2014-08-21,2014-12-16,117,310000.0,539000.0,700042.0,1477021.7,73.87096774193549,110.99044057356559,False,False,False,False,False,False
8682262400,2,2014-07-18,2015-05-13,299,430000.0,419950.0,961566.0000000001,1264175.485,-2.3372093023255824,31.470485125306013,False,False,False,False,False,False
8807810890,2,2014-08-27,2014-11-05,70,259875.0,385000.0,587083.6125,968968.0,48.14814814814814,65.04770008377638,False,False,False,False,False,False
8820903380,2,2014-07-28,2015-01-02,158,452000.0,730000.0,1008050.4,1965817.0,61.504424778761056,95.01177718891833,False,False,False,False,False,False
8832900780,2,2014-10-13,2015-04-08,177,480000.0,647500.0,1148304.0,1996501.5,34.89583333333333,73.86523951845506,False,False,False,False,False,False
8910500150,2,2014-05-29,2015-01-20,236,329932.0,539000.0,734131.6932,1414713.2999999998,63.36699683571161,92.70565664225975,False,False,False,False,False,False
8945100320,2,2014-05-06,2014-10-08,155,136500.0,224097.0,304695.30000000005,539446.2984,64.17362637362638,77.04450918671864,False,False,False,False,False,False
9136103130,2,2014-12-01,2015-05-12,162,430000.0,685000.0,1101832.0,2081646.5,59.302325581395344,88.92594333800434,False,False,False,False,False,False
9211500620,2,2014-10-08,2015-04-28,202,182700.0,305000.0,439795.44,882761.5,66.94033935413246,100.72093062174541,False,False,False,False,False,False
9222400605,2,2014-11-15,2015-04-11,147,842500.0,850000.0,2201958.0,2617660.0,0.8902077151335286,18.87874337294353,False,False,False,False,False,False
9238500040,2,2014-06-24,2015-02-10,231,400000.0,599000.0,888679.9999999999,1681692.5,49.75000000000001,89.23487644596482,False,False,False,False,False,False
9250900104,2,2014-11-10,2015-04-10,151,300000.0,496000.0,761700.0,1527481.6,65.33333333333333,100.53585401076539,False,False,False,False,False,False
9353300600,2,2014-06-24,2015-03-26,275,348500.0,370000.0,774262.45,1180855.0,6.169296987087525,52.51353078016376,False,False,False,False,False,False
9407110710,2,2014-11-07,2015-02-26,111,195000.0,322000.0,501559.49999999994,925041.6,65.12820512820512,84.43307324455027,False,False,False,False,False,False
9809000020,2,2014-05-13,2015-03-13,304,1895000.0,1940000.0,4188139.5000000005,6259216.0,2.37467018469657,49.4509913053278,False,False,False,False,False,False
9828200460,2,2014-06-27,2015-01-06,193,260000.0,430000.0,571350.0,1161989.0,65.38461538461537,103.37603920539075,False,False,False,False,False,False
9834200305,2,2014-07-16,2015-02-10,209,350000.0,615000.0,776755.0,1726612.5,75.71428571428571,122.28534093761868,False,False,False,False,False,False
9834200885,2,2014-07-17,2015-04-20,277,360000.0,550000.0,806508.0,1676015.0,52.77777777777777,107.81132983181818,False,False,False,False,False,False
