modelo,escala_resposta,termo,coeficiente,erro_padrao,estatistica_t,valor_p,ic_inferior,ic_superior,unidade,covariancia
MRLS,R$ nominal,Intercept,-86607.14373159556,11962.130559565418,-7.240110221196414,"< 0,001",-110053.80197965665,-63160.48548353446,R$,nonrobust
MRLS,R$ nominal,area,7574.839528764946,56.63113754925071,133.75750261377488,"< 0,001",7463.8383219394245,7685.840735590468,R$/m²,nonrobust
MRLM,R$ nominal,Intercept,-49125043.54156718,1589054.253123169,-30.914642118112408,"< 0,001",-52239707.1218887,-46010379.961245656,R$,nonrobust
MRLM,R$ nominal,area,4492.840111205789,91.11600662896005,49.30901032023277,"< 0,001",4314.246015457468,4671.43420695411,R$/m²,nonrobust
MRLM,R$ nominal,grade,309890.43616335833,5941.913077969138,52.153310238135376,"< 0,001",298243.8481220675,321537.02420464915,R$/ponto,nonrobust
MRLM,R$ nominal,bathrooms,90419.57467289166,9176.362209847457,9.853531563505571,"< 0,001",72433.22768777383,108405.92165800948,R$/banheiro,nonrobust
MRLM,R$ nominal,yr_built,-8252.583368017307,177.0485108615046,-46.611989718867804,"< 0,001",-8599.611512365847,-7905.555223668768,R$/ano,nonrobust
MRLM,R$ nominal,lat,1331702.5888265742,31207.640620705595,42.67232518510285,"< 0,001",1270533.3106360831,1392871.8670170652,R$/grau,nonrobust
MRLM_log,log do preço em R$,Intercept,-41.48659594599235,0.796755233075926,-52.06943641377869,"< 0,001",-43.04829498931621,-39.924896902668486,log do preço,nonrobust
MRLM_log,log do preço em R$,area,0.0019950510863459645,4.5685762431282836e-05,43.66898964084869,"< 0,001",0.0019055036211764991,0.0020845985515154297,log do preço/m²,nonrobust
MRLM_log,log do preço em R$,grade,0.19358212993293836,0.0029792880451056806,64.97596976262551,"< 0,001",0.18774250554557725,0.19942175432029946,log do preço/ponto,nonrobust
MRLM_log,log do preço em R$,bathrooms,0.07959272924799699,0.004601047822581438,17.29882677101607,"< 0,001",0.07057433603949195,0.08861112245650202,log do preço/banheiro,nonrobust
MRLM_log,log do preço em R$,yr_built,-0.0040221065272185285,8.877250557050031e-05,-45.30802078155042,"< 0,001",-0.00419610718798319,-0.0038481058664538675,log do preço/ano,nonrobust
MRLM_log,log do preço em R$,lat,1.2900226654868054,0.015647578380429735,82.44232009089812,"< 0,001",1.2593522573456346,1.3206930736279763,log do preço/grau,nonrobust
