id,date,price,bedrooms,bathrooms,sqft_living,sqft_lot,floors,waterfront,view,condition,grade,sqft_above,sqft_basement,yr_built,yr_renovated,zipcode,lat,long,sqft_living15,sqft_lot15,linha_csv,dia_venda,dia_cot,cambio,area,preco
0001000102,2014-09-16,280000.0,6,3.0,2400,9373,2.0,0,0,3,7,2400,0,1991,0,98002,47.3262,-122.214,2060,7316,2498,2014-09-16,2014-09-16,2.3351,222.967296,653828.0
0001000102,2015-04-22,300000.0,6,3.0,2400,9373,2.0,0,0,3,7,2400,0,1991,0,98002,47.3262,-122.214,2060,7316,2499,2015-04-22,2015-04-22,3.0186,222.967296,905580.0
0007200179,2014-10-16,150000.0,2,1.0,840,12750,1.0,0,0,3,6,840,0,1925,0,98055,47.484,-122.211,1480,6969,16816,2014-10-16,2014-10-16,2.477,78.0385536,371550.0
0007200179,2015-04-24,175000.0,2,1.0,840,12750,1.0,0,0,3,6,840,0,1925,0,98055,47.484,-122.211,1480,6969,16817,2015-04-24,2015-04-24,2.9745,78.0385536,520537.5
0109200390,2014-08-20,245000.0,3,1.75,1480,3900,1.0,0,0,4,7,1480,0,1980,0,98023,47.2977,-122.367,1830,6956,11435,2014-08-20,2014-08-20,2.255,137.49649920000002,552475.0
0109200390,2014-10-20,250000.0,3,1.75,1480,3900,1.0,0,0,4,7,1480,0,1980,0,98023,47.2977,-122.367,1830,6956,11436,2014-10-20,2014-10-20,2.4554,137.49649920000002,613850.0
0123039336,2014-06-11,148000.0,1,1.0,620,8261,1.0,0,0,3,5,620,0,1939,0,98106,47.5138,-122.364,1180,8244,12419,2014-06-11,2014-06-11,2.2307,57.599884800000005,330143.60000000003
0123039336,2014-12-08,244900.0,1,1.0,620,8261,1.0,0,0,3,5,620,0,1939,0,98106,47.5138,-122.364,1180,8244,12420,2014-12-08,2014-12-08,2.5923,57.599884800000005,634854.2699999999
0251300110,2014-07-31,225000.0,3,2.25,2510,12013,2.0,0,0,3,8,2510,0,1988,0,98003,47.3473,-122.314,1870,8017,7794,2014-07-31,2014-07-31,2.2674,233.1866304,510164.99999999994
0251300110,2015-01-14,358000.0,3,2.25,2510,12013,2.0,0,0,3,8,2510,0,1988,0,98003,47.3473,-122.314,1870,8017,7795,2015-01-14,2015-01-14,2.6222,233.1866304,938747.6
0302000375,2014-08-14,169100.0,3,2.0,1050,18304,1.0,0,0,4,7,1050,0,1953,0,98001,47.3206,-122.269,1690,15675,9236,2014-08-14,2014-08-14,2.2703,97.548192,383907.73000000004
0302000375,2015-05-06,250000.0,3,2.0,1050,18304,1.0,0,0,4,7,1050,0,1953,0,98001,47.3206,-122.269,1690,15675,9237,2015-05-06,2015-05-06,3.042,97.548192,760500.0
0324000530,2014-07-08,201500.0,3,1.0,1320,5000,1.5,0,0,3,7,1320,0,1912,0,98116,47.5711,-122.386,1320,4179,14857,2014-07-08,2014-07-08,2.215,122.63201280000001,446322.5
0324000530,2015-03-23,459000.0,3,1.0,1320,5000,1.5,0,0,3,7,1320,0,1912,0,98116,47.5711,-122.386,1320,4179,14858,2015-03-23,2015-03-23,3.18,122.63201280000001,1459620.0
0526059224,2014-09-23,260000.0,4,1.75,1650,7276,1.0,0,0,3,7,1010,640,1977,0,98011,47.7721,-122.206,1840,8550,7180,2014-09-23,2014-09-23,2.4026,153.290016,624676.0
0526059224,2015-02-06,470000.0,4,1.75,1650,7276,1.0,0,0,3,7,1010,640,1977,0,98011,47.7721,-122.206,1840,8550,7181,2015-02-06,2015-02-06,2.7641,153.290016,1299127.0
0641900050,2014-08-19,335000.0,4,2.25,2160,8817,1.0,0,0,3,7,1460,700,1965,0,98133,47.7595,-122.356,1880,8817,17383,2014-08-19,2014-08-19,2.2587,200.6705664,756664.5
0641900050,2015-02-06,499950.0,4,2.25,2160,8817,1.0,0,0,3,7,1460,700,1965,0,98133,47.7595,-122.356,1880,8817,17384,2015-02-06,2015-02-06,2.7641,200.6705664,1381911.795
0643300040,2014-11-04,481000.0,4,1.75,1920,9500,1.0,0,0,4,7,1470,450,1966,0,98006,47.5683,-122.177,1820,10091,19554,2014-11-04,2014-11-04,2.5195,178.37383680000002,1211879.5
0643300040,2015-03-13,719521.0,4,1.75,1920,9500,1.0,0,0,4,7,1470,450,1966,0,98006,47.5683,-122.177,1820,10091,19555,2015-03-13,2015-03-13,3.2264,178.37383680000002,2321462.5544
0705730280,2014-08-19,325000.0,3,2.5,1740,5267,2.0,0,0,3,7,1740,0,1999,0,98038,47.3777,-122.023,2180,5000,15301,2014-08-19,2014-08-19,2.2587,161.6512896,734077.5
0705730280,2015-04-21,335000.0,3,2.5,1740,5267,2.0,0,0,3,7,1740,0,1999,0,98038,47.3777,-122.023,2180,5000,15302,2015-04-21,2015-04-20,3.0473,161.6512896,1020845.5
0722039087,2014-09-23,220500.0,2,1.0,990,57499,1.0,0,0,2,6,990,0,1949,0,98070,47.4145,-122.463,2090,27442,9277,2014-09-23,2014-09-23,2.4026,91.9740096,529773.3
0722039087,2015-05-04,329000.0,2,1.0,990,57499,1.0,0,0,2,6,990,0,1949,0,98070,47.4145,-122.463,2090,27442,9278,2015-05-04,2015-05-04,3.0754,91.9740096,1011806.6000000001
0723049156,2014-05-23,149000.0,3,1.0,1700,8645,1.0,0,0,3,6,1700,0,1955,0,98146,47.4899,-122.337,1500,7980,3787,2014-05-23,2014-05-23,2.2187,157.935168,330586.3
0723049156,2014-11-12,284700.0,3,1.0,1700,8645,1.0,0,0,3,6,1700,0,1955,0,98146,47.4899,-122.337,1500,7980,3788,2014-11-12,2014-11-12,2.555,157.935168,727408.5
0726049190,2014-10-02,287500.0,3,1.0,1810,7200,1.0,0,0,4,7,1130,680,1954,0,98133,47.7493,-122.351,1810,8100,825,2014-10-02,2014-10-02,2.4785,168.1545024,712568.75
0726049190,2015-02-18,431000.0,3,1.0,1810,7200,1.0,0,0,4,7,1130,680,1954,0,98133,47.7493,-122.351,1810,8100,826,2015-02-18,2015-02-18,2.843,168.1545024,1225333.0
0795000620,2014-09-24,115000.0,3,1.0,1080,6250,1.0,0,0,2,5,1080,0,1950,0,98168,47.5045,-122.33,1070,6250,17604,2014-09-24,2014-09-24,2.407,100.3352832,276805.0
0795000620,2014-12-15,124000.0,3,1.0,1080,6250,1.0,0,0,2,5,1080,0,1950,0,98168,47.5045,-122.33,1070,6250,17605,2014-12-15,2014-12-15,2.6717,100.3352832,331290.8
0795000620,2015-03-11,157000.0,3,1.0,1080,6250,1.0,0,0,2,5,1080,0,1950,0,98168,47.5045,-122.33,1070,6250,17606,2015-03-11,2015-03-11,3.1162,100.3352832,489243.4
0937000330,2014-12-24,157000.0,3,1.5,1170,11530,1.0,0,0,3,7,1170,0,1960,0,98198,47.4211,-122.29,1550,8605,13694,2014-12-24,2014-12-24,2.6832,108.69655680000001,421262.39999999997
0937000330,2015-03-19,246500.0,3,1.5,1170,11530,1.0,0,0,3,7,1170,0,1960,0,98198,47.4211,-122.29,1550,8605,13695,2015-03-19,2015-03-19,3.2642,108.69655680000001,804625.3
1036400200,2015-02-13,661000.0,4,1.75,1670,13125,1.0,0,0,5,8,1670,0,1973,0,98052,47.6315,-122.101,2360,12500,12067,2015-02-13,2015-02-13,2.8392,155.1480768,1876711.2
1036400200,2015-04-29,697000.0,4,1.75,1670,13125,1.0,0,0,5,8,1670,0,1973,0,98052,47.6315,-122.101,2360,12500,12068,2015-04-29,2015-04-29,2.9375,155.1480768,2047437.5
1139600270,2014-07-01,300000.0,3,2.75,2090,9620,1.0,0,0,3,8,1340,750,1987,0,98023,47.2741,-122.337,2150,9660,11196,2014-07-01,2014-07-01,2.2054,194.1673536,661620.0
1139600270,2015-03-24,310000.0,3,2.75,2090,9620,1.0,0,0,3,8,1340,750,1987,0,98023,47.2741,-122.337,2150,9660,11197,2015-03-24,2015-03-24,3.131,194.1673536,970609.9999999999
1217000340,2014-06-06,185000.0,3,1.0,1840,8100,1.0,0,0,4,7,920,920,1953,0,98166,47.455,-122.35,1250,8100,12436,2014-06-06,2014-06-06,2.2445,170.9415936,415232.5
1217000340,2015-02-19,340000.0,3,1.0,1840,8100,1.0,0,0,4,7,920,920,1953,0,98166,47.455,-122.35,1250,8100,12437,2015-02-19,2015-02-19,2.8545,170.9415936,970529.9999999999
1219000473,2014-06-26,164950.0,3,1.75,1570,15330,1.0,0,0,3,7,1080,490,1956,0,98166,47.4608,-122.34,1250,13330,9878,2014-06-26,2014-06-26,2.2089,145.85777280000002,364358.055
1219000473,2015-03-23,371000.0,3,1.75,1570,15330,1.0,0,0,3,7,1080,490,1956,0,98166,47.4608,-122.34,1250,13330,9879,2015-03-23,2015-03-23,3.18,145.85777280000002,1179780.0
1231000510,2014-09-22,263000.0,3,1.75,1490,3800,1.0,0,0,3,6,700,790,1913,0,98118,47.5554,-122.27,2180,4000,1204,2014-09-22,2014-09-22,2.387,138.4255296,627781.0
1231000510,2015-05-04,510000.0,3,1.75,1490,3800,1.0,0,0,3,6,700,790,1913,0,98118,47.5554,-122.27,2180,4000,1205,2015-05-04,2015-05-04,3.0754,138.4255296,1568454.0
1232000810,2014-09-12,340000.0,3,2.5,1400,4800,1.0,0,0,3,7,1200,200,1921,0,98117,47.6865,-122.379,1440,3840,2533,2014-09-12,2014-09-12,2.3251,130.064256,790534.0
1232000810,2015-03-26,537000.0,3,2.5,1400,4800,1.0,0,0,3,7,1200,200,1921,0,98117,47.6865,-122.379,1440,3840,2534,2015-03-26,2015-03-26,3.1915,130.064256,1713835.5
1237500540,2014-10-21,225000.0,3,1.75,1370,10866,1.0,0,0,4,6,1370,0,1945,0,98052,47.6774,-122.164,1580,14250,8507,2014-10-21,2014-10-21,2.4797,127.27716480000001,557932.5
1237500540,2014-12-22,270000.0,3,1.75,1370,10866,1.0,0,0,4,6,1370,0,1945,0,98052,47.6774,-122.164,1580,14250,8508,2014-12-22,2014-12-22,2.6527,127.27716480000001,716229.0
1250201165,2014-11-21,441000.0,5,2.5,2000,3600,1.0,0,0,3,6,1150,850,1987,0,98144,47.5971,-122.295,1410,3600,14222,2014-11-21,2014-11-21,2.5391,185.80608,1119743.0999999999
1250201165,2015-03-17,474500.0,5,2.5,2000,3600,1.0,0,0,3,6,1150,850,1987,0,98144,47.5971,-122.295,1410,3600,14223,2015-03-17,2015-03-17,3.2683,185.80608,1550808.35
1254200015,2014-12-16,405000.0,3,2.5,2260,5500,1.5,0,0,3,7,1280,980,1910,0,98117,47.681,-122.388,1790,5355,3758,2014-12-16,2014-12-16,2.7403,209.9608704,1109821.5
1254200015,2015-04-08,625000.0,3,2.5,2260,5500,1.5,0,0,3,7,1280,980,1910,0,98117,47.681,-122.388,1790,5355,3759,2015-04-08,2015-04-08,3.0834,209.9608704,1927125.0
1423049019,2014-05-23,90000.0,2,1.0,580,7500,1.0,0,0,3,5,580,0,1943,0,98178,47.4852,-122.251,1700,11250,17582,2014-05-23,2014-05-23,2.2187,53.883763200000004,199683.0
1423049019,2015-03-31,220000.0,2,1.0,580,7500,1.0,0,0,3,5,580,0,1943,0,98178,47.4852,-122.251,1700,11250,17583,2015-03-31,2015-03-31,3.208,53.883763200000004,705760.0
1432400120,2014-11-11,165000.0,3,1.0,1010,7690,1.0,0,0,4,6,1010,0,1958,0,98058,47.4501,-122.176,1010,7619,14576,2014-11-11,2014-11-11,2.5644,93.8320704,423126.0
1432400120,2015-05-08,255000.0,3,1.0,1010,7690,1.0,0,0,4,6,1010,0,1958,0,98058,47.4501,-122.176,1010,7619,14577,2015-05-08,2015-05-08,2.9966,93.8320704,764133.0
1446403850,2014-09-16,118125.0,2,1.0,790,7153,1.0,0,0,4,6,790,0,1944,0,98168,47.4869,-122.324,810,7128,7247,2014-09-16,2014-09-16,2.3351,73.3934016,275833.6875
1446403850,2015-01-14,212000.0,2,1.0,790,7153,1.0,0,0,4,6,790,0,1944,0,98168,47.4869,-122.324,810,7128,7248,2015-01-14,2015-01-14,2.6222,73.3934016,555906.4
1450100390,2014-09-05,125000.0,3,1.0,920,7314,1.0,0,0,3,6,920,0,1960,0,98002,47.2892,-122.22,1010,7420,10274,2014-09-05,2014-09-05,2.2416,85.4707968,280200.0
1450100390,2015-03-16,208000.0,3,1.0,920,7314,1.0,0,0,3,6,920,0,1960,0,98002,47.2892,-122.22,1010,7420,10275,2015-03-16,2015-03-16,3.2257,85.4707968,670945.6
1523049207,2014-08-05,161000.0,4,2.0,1700,8043,1.0,0,0,3,7,850,850,1954,0,98168,47.4758,-122.288,1540,13260,13185,2014-08-05,2014-08-05,2.2756,157.935168,366371.6
1523049207,2015-01-14,220000.0,4,2.0,1700,8043,1.0,0,0,3,7,850,850,1954,0,98168,47.4758,-122.288,1540,13260,13186,2015-01-14,2015-01-14,2.6222,157.935168,576884.0
1524079093,2014-08-27,275000.0,3,1.75,1300,20700,1.0,0,0,3,7,1300,0,1962,0,98024,47.5587,-121.904,1930,37638,4874,2014-08-27,2014-08-27,2.2591,120.77395200000001,621252.5
1524079093,2015-03-18,369500.0,3,1.75,1300,20700,1.0,0,0,3,7,1300,0,1962,0,98024,47.5587,-121.904,1930,37638,4875,2015-03-18,2015-03-18,3.2518,120.77395200000001,1201540.0999999999
1545800290,2014-09-05,215000.0,4,2.5,1700,6675,2.0,0,0,3,7,1700,0,1997,0,98038,47.3638,-122.053,1570,7540,5974,2014-09-05,2014-09-05,2.2416,157.935168,481944.0
1545800290,2015-04-08,315000.0,4,2.5,1700,6675,2.0,0,0,3,7,1700,0,1997,0,98038,47.3638,-122.053,1570,7540,5975,2015-04-08,2015-04-08,3.0834,157.935168,971271.0
1568100300,2014-09-17,350000.0,6,4.5,3500,8504,2.0,0,0,3,7,3500,0,1980,0,98155,47.7351,-122.295,1550,8460,9116,2014-09-17,2014-09-17,2.3384,325.16064,818440.0
1568100300,2015-01-21,682500.0,6,4.5,3500,8504,2.0,0,0,3,7,3500,0,1980,0,98155,47.7351,-122.295,1550,8460,9117,2015-01-21,2015-01-21,2.5968,325.16064,1772316.0
1630700361,2014-06-27,530000.0,4,1.75,2860,48351,1.0,0,0,3,8,1710,1150,1978,0,98077,47.7605,-122.085,2460,43560,17765,2014-06-27,2014-06-27,2.1975,265.70269440000004,1164675.0
1630700361,2015-04-09,583500.0,4,1.75,2860,48351,1.0,0,0,3,8,1710,1150,1978,0,98077,47.7605,-122.085,2460,43560,17766,2015-04-09,2015-04-09,3.0466,265.70269440000004,1777691.1
1721801010,2014-09-03,225000.0,3,1.0,1790,6120,1.0,0,0,3,6,1790,0,1937,1964,98146,47.508,-122.337,830,6120,8435,2014-09-03,2014-09-03,2.2319,166.2964416,502177.5
1721801010,2015-04-24,302100.0,3,1.0,1790,6120,1.0,0,0,3,6,1790,0,1937,1964,98146,47.508,-122.337,830,6120,8436,2015-04-24,2015-04-24,2.9745,166.2964416,898596.45
1781500435,2014-08-20,260000.0,3,1.75,1580,7344,1.0,0,0,5,7,1580,0,1911,0,98126,47.5256,-122.38,1580,6207,2504,2014-08-20,2014-08-20,2.255,146.7868032,586300.0
1781500435,2015-02-25,575000.0,3,1.75,1580,7344,1.0,0,0,5,7,1580,0,1911,0,98126,47.5256,-122.38,1580,6207,2505,2015-02-25,2015-02-25,2.8646,146.7868032,1647145.0
1788800630,2014-10-29,96500.0,3,1.0,840,12091,1.0,0,0,3,6,840,0,1959,0,98023,47.3281,-122.343,840,9324,5725,2014-10-29,2014-10-29,2.4346,78.0385536,234938.90000000002
1788800630,2015-02-25,185000.0,3,1.0,840,12091,1.0,0,0,3,6,840,0,1959,0,98023,47.3281,-122.343,840,9324,5726,2015-02-25,2015-02-25,2.8646,78.0385536,529951.0
1788900230,2014-07-22,86500.0,3,1.0,840,9480,1.0,0,0,3,6,840,0,1960,0,98023,47.3277,-122.341,840,9420,13758,2014-07-22,2014-07-22,2.2129,78.0385536,191415.84999999998
1788900230,2015-04-03,199950.0,3,1.0,840,9480,1.0,0,0,3,6,840,0,1960,0,98023,47.3277,-122.341,840,9420,13759,2015-04-03,2015-04-02,3.1492,78.0385536,629682.54
1823049202,2014-06-10,175000.0,6,1.5,1930,8400,1.0,0,0,3,7,1030,900,1971,0,98146,47.4869,-122.34,1780,9520,3542,2014-06-10,2014-06-10,2.2296,179.3028672,390180.0
1823049202,2015-01-07,326000.0,6,1.5,1930,8400,1.0,0,0,3,7,1030,900,1971,0,98146,47.4869,-122.34,1780,9520,3543,2015-01-07,2015-01-07,2.6807,179.3028672,873908.2
1825069031,2014-08-14,550000.0,4,1.75,2410,8447,2.0,0,3,4,8,2060,350,1936,1980,98074,47.6499,-122.088,2520,14789,3952,2014-08-14,2014-08-14,2.2703,223.89632640000002,1248665.0
1825069031,2014-10-16,550000.0,4,1.75,2410,8447,2.0,0,3,4,8,2060,350,1936,1980,98074,47.6499,-122.088,2520,14789,3953,2014-10-16,2014-10-16,2.477,223.89632640000002,1362350.0
1901600090,2014-06-26,359000.0,5,1.75,1940,6654,1.5,0,0,4,7,1940,0,1953,0,98166,47.4663,-122.359,2300,9500,19211,2014-06-26,2014-06-26,2.2089,180.23189760000002,792995.1
1901600090,2015-04-26,390000.0,5,1.75,1940,6654,1.5,0,0,4,7,1940,0,1953,0,98166,47.4663,-122.359,2300,9500,19212,2015-04-26,2015-04-24,2.9745,180.23189760000002,1160055.0
1922059278,2014-10-14,145000.0,3,1.0,1010,11880,1.0,0,0,3,7,1010,0,1960,0,98030,47.3762,-122.219,1150,9435,9122,2014-10-14,2014-10-14,2.3991,93.8320704,347869.49999999994
1922059278,2015-03-05,255000.0,3,1.0,1010,11880,1.0,0,0,3,7,1010,0,1960,0,98030,47.3762,-122.219,1150,9435,9123,2015-03-05,2015-03-05,2.9931,93.8320704,763240.5
1954420170,2014-05-21,368250.0,3,2.5,2150,7484,2.0,0,0,3,8,2150,0,1988,0,98074,47.6191,-122.043,2150,6879,5760,2014-05-21,2014-05-21,2.2111,199.74153600000002,814237.5750000001
1954420170,2014-11-13,580000.0,3,2.5,2150,7484,2.0,0,0,3,8,2150,0,1988,0,98074,47.6191,-122.043,2150,6879,5761,2014-11-13,2014-11-13,2.5725,199.74153600000002,1492049.9999999998
1974300020,2014-08-27,380000.0,4,2.5,2270,11500,1.0,0,0,3,8,1540,730,1967,0,98034,47.7089,-122.241,2020,10918,17292,2014-08-27,2014-08-27,2.2591,210.88990080000002,858458.0
1974300020,2015-02-18,624900.0,4,2.5,2270,11500,1.0,0,0,3,8,1540,730,1967,0,98034,47.7089,-122.241,2020,10918,17293,2015-02-18,2015-02-18,2.843,210.88990080000002,1776590.7
1995200200,2014-05-06,313950.0,3,1.0,1510,6083,1.0,0,0,4,6,860,650,1940,0,98115,47.6966,-122.324,1510,5712,10259,2014-05-06,2014-05-06,2.2322,140.2835904,700799.1900000001
1995200200,2014-10-08,415000.0,3,1.0,1510,6083,1.0,0,0,4,6,860,650,1940,0,98115,47.6966,-122.324,1510,5712,10260,2014-10-08,2014-10-08,2.4072,140.2835904,998988.0
2019200220,2014-09-23,160000.0,3,2.25,1470,8682,1.0,0,0,3,7,1160,310,1985,0,98003,47.2729,-122.299,1670,8359,12957,2014-09-23,2014-09-23,2.4026,136.5674688,384416.0
2019200220,2015-02-26,269000.0,3,2.25,1470,8682,1.0,0,0,3,7,1160,310,1985,0,98003,47.2729,-122.299,1670,8359,12958,2015-02-26,2015-02-26,2.8728,136.5674688,772783.2
2023049218,2014-07-16,105500.0,2,1.0,930,7740,1.0,0,0,1,5,930,0,1932,0,98148,47.4611,-122.324,1620,8584,13630,2014-07-16,2014-07-16,2.2193,86.3998272,234136.15
2023049218,2015-03-16,445000.0,2,1.0,930,7740,1.0,0,0,1,5,930,0,1932,0,98148,47.4611,-122.324,1620,8584,13631,2015-03-16,2015-03-16,3.2257,86.3998272,1435436.5
2044500213,2014-06-17,310000.0,4,2.0,1870,6000,1.5,0,0,3,7,1870,0,1956,0,98125,47.7155,-122.315,1520,7169,15803,2014-06-17,2014-06-17,2.2486,173.72868480000002,697066.0
2044500213,2015-01-26,449000.0,4,2.0,1870,6000,1.5,0,0,3,7,1870,0,1956,0,98125,47.7155,-122.315,1520,7169,15804,2015-01-26,2015-01-26,2.5966,173.72868480000002,1165873.4
2143700830,2014-10-06,207000.0,4,2.5,2100,19680,1.5,0,0,3,6,2100,0,1914,0,98055,47.4787,-122.23,1340,12300,1866,2014-10-06,2014-10-06,2.4098,195.096384,498828.60000000003
2143700830,2015-03-12,370000.0,4,2.5,2100,19680,1.5,0,0,3,6,2100,0,1914,0,98055,47.4787,-122.23,1340,12300,1867,2015-03-12,2015-03-12,3.1171,195.096384,1153327.0
2206700215,2014-08-22,375000.0,4,2.0,2070,9822,1.0,0,0,5,7,2070,0,1955,0,98006,47.566,-122.14,1300,9572,8013,2014-08-22,2014-08-22,2.2778,192.3092928,854175.0
2206700215,2015-04-22,550000.0,4,2.0,2070,9822,1.0,0,0,5,7,2070,0,1955,0,98006,47.566,-122.14,1300,9572,8014,2015-04-22,2015-04-22,3.0186,192.3092928,1660230.0
2212200100,2014-10-22,229950.0,4,2.5,2150,7670,1.0,0,0,5,7,1240,910,1976,0,98031,47.3942,-122.189,1610,7350,9394,2014-10-22,2014-10-22,2.4781,199.74153600000002,569839.095
2212200100,2015-04-22,344900.0,4,2.5,2150,7670,1.0,0,0,5,7,1240,910,1976,0,98031,47.3942,-122.189,1610,7350,9395,2015-04-22,2015-04-22,3.0186,199.74153600000002,1041115.14
2228900270,2014-08-12,215000.0,2,1.0,1010,6000,1.0,0,0,4,6,1010,0,1944,0,98133,47.771,-122.353,1610,7313,1452,2014-08-12,2014-08-12,2.277,93.8320704,489555.0
2228900270,2015-02-12,302000.0,2,1.0,1010,6000,1.0,0,0,4,6,1010,0,1944,0,98133,47.771,-122.353,1610,7313,1453,2015-02-12,2015-02-12,2.8625,93.8320704,864475.0
2231500030,2014-10-01,315000.0,4,2.25,2180,10754,1.0,0,0,5,7,1100,1080,1954,0,98133,47.7711,-122.341,1810,6929,373,2014-10-01,2014-10-01,2.4623,202.52862720000002,775624.5
2231500030,2015-03-24,530000.0,4,2.25,2180,10754,1.0,0,0,5,7,1100,1080,1954,0,98133,47.7711,-122.341,1810,6929,374,2015-03-24,2015-03-24,3.131,202.52862720000002,1659430.0
2422049104,2014-09-15,85000.0,2,1.0,830,9000,1.0,0,0,3,6,830,0,1939,0,98032,47.3813,-122.243,1160,7680,10255,2014-09-15,2014-09-15,2.3401,77.1095232,198908.5
2422049104,2014-12-30,235000.0,2,1.0,830,9000,1.0,0,0,3,6,830,0,1939,0,98032,47.3813,-122.243,1160,7680,10256,2014-12-30,2014-12-30,2.6562,77.1095232,624207.0
2473380920,2014-08-13,206325.0,5,2.5,1720,10202,1.5,0,0,3,7,1720,0,1970,0,98058,47.4572,-122.167,1720,8478,17282,2014-08-13,2014-08-13,2.2692,159.7932288,468192.69
2473380920,2015-02-27,339000.0,5,2.5,1720,10202,1.5,0,0,3,7,1720,0,1970,0,98058,47.4572,-122.167,1720,8478,17283,2015-02-27,2015-02-27,2.8782,159.7932288,975709.8
2560801222,2014-06-18,180000.0,3,2.25,1990,6350,2.0,0,0,3,7,1990,0,1967,0,98198,47.3822,-122.316,1220,6250,15570,2014-06-18,2014-06-18,2.2534,184.87704960000002,405612.0
2560801222,2014-11-13,309950.0,3,2.25,1990,6350,2.0,0,0,3,7,1990,0,1967,0,98198,47.3822,-122.316,1220,6250,15571,2014-11-13,2014-11-13,2.5725,184.87704960000002,797346.3749999999
2561340020,2014-08-04,325000.0,3,1.75,1780,11096,1.0,0,0,3,7,1210,570,1979,0,98074,47.617,-122.051,1780,10640,16002,2014-08-04,2014-08-04,2.2577,165.36741120000002,733752.4999999999
2561340020,2015-02-17,500000.0,3,1.75,1780,11096,1.0,0,0,3,7,1210,570,1979,0,98074,47.617,-122.051,1780,10640,16003,2015-02-17,2015-02-13,2.8392,165.36741120000002,1419600.0
2568300045,2014-06-25,305000.0,6,2.0,1900,8240,1.0,0,0,2,7,1200,700,1964,0,98125,47.7037,-122.296,1900,8240,9722,2014-06-25,2014-06-25,2.2052,176.51577600000002,672586.0
2568300045,2015-03-19,649950.0,6,2.0,1900,8240,1.0,0,0,2,7,1200,700,1964,0,98125,47.7037,-122.296,1900,8240,9723,2015-03-19,2015-03-19,3.2642,176.51577600000002,2121566.79
2619920170,2014-10-01,772500.0,4,2.5,3230,4290,2.0,0,0,3,9,3230,0,2004,0,98033,47.6874,-122.161,3220,5083,15279,2014-10-01,2014-10-01,2.4623,300.07681920000005,1902126.75
2619920170,2014-12-19,765000.0,4,2.5,3230,4290,2.0,0,0,3,9,3230,0,2004,0,98033,47.6874,-122.161,3220,5083,15280,2014-12-19,2014-12-19,2.6486,300.07681920000005,2026179.0
2621600015,2015-01-21,120000.0,3,1.0,1150,8924,1.0,0,0,3,6,1150,0,1943,0,98030,47.3865,-122.217,1492,8924,7849,2015-01-21,2015-01-21,2.5968,106.838496,311616.0
2621600015,2015-04-30,175000.0,3,1.0,1150,8924,1.0,0,0,3,6,1150,0,1943,0,98030,47.3865,-122.217,1492,8924,7850,2015-04-30,2015-04-30,2.9936,106.838496,523879.99999999994
2724049222,2014-08-02,163800.0,2,2.5,1000,1092,2.0,0,0,3,7,990,10,2004,0,98118,47.5419,-122.271,1330,1466,20614,2014-08-02,2014-08-01,2.2607,92.90304,370302.66
2724049222,2014-12-01,220000.0,2,2.5,1000,1092,2.0,0,0,3,7,990,10,2004,0,98118,47.5419,-122.271,1330,1466,20615,2014-12-01,2014-12-01,2.5624,92.90304,563728.0
2726049071,2014-12-11,510000.0,2,1.0,820,4206,1.0,0,0,3,5,820,0,1949,0,98125,47.7076,-122.284,1810,7200,5594,2014-12-11,2014-12-11,2.6271,76.18049280000001,1339821.0
2726049071,2015-04-08,489950.0,2,1.0,820,4206,1.0,0,0,3,5,820,0,1949,0,98125,47.7076,-122.284,1810,7200,5595,2015-04-08,2015-04-08,3.0834,76.18049280000001,1510711.83
2767602141,2014-09-05,525000.0,3,1.5,1380,4290,1.0,0,0,3,7,1080,300,1955,0,98107,47.674,-122.379,1510,3900,3625,2014-09-05,2014-09-05,2.2416,128.2061952,1176840.0
2767602141,2014-12-22,650000.0,3,1.5,1380,4290,1.0,0,0,3,7,1080,300,1955,0,98107,47.674,-122.379,1510,3900,3626,2014-12-22,2014-12-22,2.6527,128.2061952,1724255.0
2767603612,2014-05-12,500000.0,2,2.25,1290,1334,3.0,0,0,3,8,1290,0,2007,0,98107,47.6719,-122.382,1350,1334,10612,2014-05-12,2014-05-12,2.2164,119.8449216,1108200.0
2767603612,2015-01-13,489000.0,2,2.25,1290,1334,3.0,0,0,3,8,1290,0,2007,0,98107,47.6719,-122.382,1350,1334,10613,2015-01-13,2015-01-13,2.6485,119.8449216,1295116.5
2787460720,2015-02-27,200000.0,3,2.0,1010,7896,1.0,0,0,3,7,1010,0,1984,0,98031,47.4046,-122.181,1540,7896,8127,2015-02-27,2015-02-27,2.8782,93.8320704,575640.0
2787460720,2015-05-06,259950.0,3,2.0,1010,7896,1.0,0,0,3,7,1010,0,1984,0,98031,47.4046,-122.181,1540,7896,8128,2015-05-06,2015-05-06,3.042,93.8320704,790767.8999999999
2892700041,2014-07-14,168000.0,3,1.5,1370,7439,1.0,0,0,4,6,1370,0,1963,0,98055,47.4499,-122.189,2350,3370,11777,2014-07-14,2014-07-14,2.2176,127.27716480000001,372556.8
2892700041,2015-01-28,238000.0,3,1.5,1370,7439,1.0,0,0,4,6,1370,0,1963,0,98055,47.4499,-122.189,2350,3370,11778,2015-01-28,2015-01-28,2.5797,127.27716480000001,613968.6
3185600040,2014-05-22,180000.0,2,1.0,1400,4500,1.0,0,0,3,7,900,500,1922,0,98055,47.4866,-122.219,1400,5500,13619,2014-05-22,2014-05-22,2.2131,130.064256,398358.0
3185600040,2014-12-24,310000.0,2,1.0,1400,4500,1.0,0,0,3,7,900,500,1922,0,98055,47.4866,-122.219,1400,5500,13620,2014-12-24,2014-12-24,2.6832,130.064256,831791.9999999999
3262300940,2014-11-07,875000.0,3,1.0,1220,8119,1.0,0,0,4,7,1220,0,1955,0,98039,47.6328,-122.236,1910,8119,4079,2014-11-07,2014-11-07,2.5721,113.3417088,2250587.5
3262300940,2015-02-10,940000.0,3,1.0,1220,8119,1.0,0,0,4,7,1220,0,1955,0,98039,47.6328,-122.236,1910,8119,4080,2015-02-10,2015-02-10,2.8075,113.3417088,2639050.0
3271300955,2014-07-03,554729.0,4,2.5,2020,4350,2.0,0,0,5,9,1730,290,1943,0,98199,47.6503,-122.41,1620,5800,10971,2014-07-03,2014-07-03,2.2281,187.6641408,1235991.6849
3271300955,2015-02-24,868000.0,4,2.5,2020,4350,2.0,0,0,5,9,1730,290,1943,0,98199,47.6503,-122.41,1620,5800,10972,2015-02-24,2015-02-24,2.8649,187.6641408,2486733.2
3293700496,2014-08-14,270000.0,4,1.75,1850,7730,1.0,0,0,5,7,1100,750,1956,0,98133,47.7481,-122.355,2260,8581,10223,2014-08-14,2014-08-14,2.2703,171.87062400000002,612981.0
3293700496,2014-12-04,450000.0,4,1.75,1850,7730,1.0,0,0,5,7,1100,750,1956,0,98133,47.7481,-122.355,2260,8581,10224,2014-12-04,2014-12-04,2.5797,171.87062400000002,1160865.0
3303000130,2015-01-16,370000.0,3,2.25,1770,7667,1.0,0,0,3,8,1270,500,1966,0,98177,47.7724,-122.362,2180,8103,5246,2015-01-16,2015-01-16,2.6193,164.4383808,969141.0
3303000130,2015-04-28,520000.0,3,2.25,1770,7667,1.0,0,0,3,8,1270,500,1966,0,98177,47.7724,-122.362,2180,8103,5247,2015-04-28,2015-04-28,2.8943,164.4383808,1505036.0
3323059027,2014-05-28,326000.0,3,2.75,1720,28000,1.0,0,0,4,7,1720,0,1958,0,98058,47.4375,-122.176,2000,41817,6632,2014-05-28,2014-05-28,2.2405,159.7932288,730403.0
3323059027,2015-02-25,340000.0,3,2.75,1720,28000,1.0,0,0,4,7,1720,0,1958,0,98058,47.4375,-122.176,2000,41817,6633,2015-02-25,2015-02-25,2.8646,159.7932288,973963.9999999999
3332000615,2014-10-20,310000.0,3,1.0,1330,3740,1.5,0,0,3,6,1330,0,1903,0,98118,47.5502,-122.274,1330,5053,18764,2014-10-20,2014-10-20,2.4554,123.56104320000001,761174.0
3332000615,2015-04-22,389000.0,3,1.0,1330,3740,1.5,0,0,3,6,1330,0,1903,0,98118,47.5502,-122.274,1330,5053,18765,2015-04-22,2015-04-22,3.0186,123.56104320000001,1174235.4000000001
3333002450,2014-07-08,165000.0,1,1.0,850,8050,1.0,0,0,2,6,850,0,1906,0,98118,47.5427,-122.288,1590,5180,14368,2014-07-08,2014-07-08,2.215,78.967584,365475.0
3333002450,2015-01-22,490000.0,1,1.0,850,8050,1.0,0,0,2,6,850,0,1906,0,98118,47.5427,-122.288,1590,5180,14369,2015-01-22,2015-01-22,2.5754,78.967584,1261946.0
3395040550,2014-07-28,250000.0,3,2.5,1530,2890,2.0,0,0,3,7,1530,0,2001,0,98108,47.5434,-122.293,1540,2890,2040,2014-07-28,2014-07-28,2.2302,142.1416512,557550.0
3395040550,2015-04-29,320000.0,3,2.5,1530,2890,2.0,0,0,3,7,1530,0,2001,0,98108,47.5434,-122.293,1540,2890,2041,2015-04-29,2015-04-29,2.9375,142.1416512,940000.0
3432501415,2014-07-14,265000.0,3,1.75,1170,8148,1.0,0,0,3,7,1170,0,1952,0,98155,47.7479,-122.318,1200,8147,13661,2014-07-14,2014-07-14,2.2176,108.69655680000001,587664.0
3432501415,2014-11-11,399000.0,3,1.75,1170,8148,1.0,0,0,3,7,1170,0,1952,0,98155,47.7479,-122.318,1200,8147,13662,2014-11-11,2014-11-11,2.5644,108.69655680000001,1023195.6
3523069060,2014-11-07,290000.0,3,1.75,1340,63597,1.0,0,0,4,7,1340,0,1963,0,98038,47.4379,-122.011,1950,87120,14486,2014-11-07,2014-11-07,2.5721,124.4900736,745909.0
3523069060,2015-04-01,415000.0,3,1.75,1340,63597,1.0,0,0,4,7,1340,0,1963,0,98038,47.4379,-122.011,1950,87120,14487,2015-04-01,2015-04-01,3.1556,124.4900736,1309574.0
3528000040,2014-10-01,1690000.0,3,3.25,5290,224442,2.0,0,0,4,11,4540,750,1988,0,98053,47.6671,-122.051,3750,84936,14309,2014-10-01,2014-10-01,2.4623,491.45708160000004,4161287.0
3528000040,2015-03-26,1800000.0,3,3.25,5290,224442,2.0,0,0,4,11,4540,750,1988,0,98053,47.6671,-122.051,3750,84936,14310,2015-03-26,2015-03-26,3.1915,491.45708160000004,5744700.0
3558900590,2014-11-25,360000.0,6,1.75,2230,10080,1.0,0,0,3,7,1390,840,1969,0,98034,47.7089,-122.201,2110,8475,18705,2014-11-25,2014-11-25,2.5237,207.1737792,908531.9999999999
3558900590,2015-03-24,692500.0,6,1.75,2230,10080,1.0,0,0,3,7,1390,840,1969,0,98034,47.7089,-122.201,2110,8475,18706,2015-03-24,2015-03-24,3.131,207.1737792,2168217.5
3578401060,2014-12-16,345000.0,3,2.25,1920,9672,2.0,0,0,4,8,1920,0,1984,0,98074,47.6233,-122.046,1950,10125,5696,2014-12-16,2014-12-16,2.7403,178.37383680000002,945403.5
3578401060,2015-05-04,625000.0,3,2.25,1920,9672,2.0,0,0,4,8,1920,0,1984,0,98074,47.6233,-122.046,1950,10125,5697,2015-05-04,2015-05-04,3.0754,178.37383680000002,1922125.0
3598600049,2014-10-03,124000.0,1,0.75,840,7203,1.5,0,0,3,6,840,0,1949,0,98168,47.4756,-122.301,1560,8603,9822,2014-10-03,2014-10-03,2.4932,78.0385536,309156.8
3598600049,2015-04-24,224000.0,1,0.75,840,7203,1.5,0,0,3,6,840,0,1949,0,98168,47.4756,-122.301,1560,8603,9823,2015-04-24,2015-04-24,2.9745,78.0385536,666288.0
3630120700,2014-05-13,757000.0,3,3.25,3190,5283,2.0,0,0,3,9,3190,0,2007,0,98029,47.5534,-122.002,2950,5198,1466,2014-05-13,2014-05-13,2.2101,296.36069760000004,1673045.7000000002
3630120700,2015-01-07,765000.0,3,3.25,3190,5283,2.0,0,0,3,9,3190,0,2007,0,98029,47.5534,-122.002,2950,5198,1467,2015-01-07,2015-01-07,2.6807,296.36069760000004,2050735.5
3739500096,2015-01-26,229000.0,3,2.0,1540,6000,1.0,0,0,4,6,1540,0,1953,0,98155,47.7372,-122.307,1490,8213,9018,2015-01-26,2015-01-26,2.5966,143.0706816,594621.4
3739500096,2015-05-05,430000.0,3,2.0,1540,6000,1.0,0,0,4,6,1540,0,1953,0,98155,47.7372,-122.307,1490,8213,9019,2015-05-05,2015-05-05,3.0626,143.0706816,1316918.0
3883800011,2014-11-05,82000.0,3,1.0,860,10426,1.0,0,0,3,6,860,0,1954,0,98146,47.4987,-122.341,1140,11250,8276,2014-11-05,2014-11-05,2.5168,79.8966144,206377.6
3883800011,2015-04-08,219900.0,3,1.0,860,10426,1.0,0,0,3,6,860,0,1954,0,98146,47.4987,-122.341,1140,11250,8277,2015-04-08,2015-04-08,3.0834,79.8966144,678039.66
3904100089,2014-08-01,190000.0,3,1.75,1350,7370,1.0,0,0,4,6,1350,0,1912,0,98118,47.5336,-122.278,1440,6000,15609,2014-08-01,2014-08-01,2.2607,125.419104,429533.0
3904100089,2015-03-18,300000.0,3,1.75,1350,7370,1.0,0,0,4,6,1350,0,1912,0,98118,47.5336,-122.278,1440,6000,15610,2015-03-18,2015-03-18,3.2518,125.419104,975539.9999999999
3935900232,2014-09-29,207000.0,3,1.0,920,5546,1.0,0,0,2,6,920,0,1928,0,98125,47.7114,-122.284,1300,5546,12390,2014-09-29,2014-09-29,2.4522,85.4707968,507605.39999999997
3935900232,2015-01-12,237000.0,3,1.0,920,5546,1.0,0,0,2,6,920,0,1928,0,98125,47.7114,-122.284,1300,5546,12391,2015-01-12,2015-01-12,2.6575,85.4707968,629827.5
3969300030,2014-07-23,165000.0,4,1.0,1000,7134,1.0,0,0,3,6,1000,0,1943,0,98178,47.4897,-122.24,1020,7138,347,2014-07-23,2014-07-23,2.2202,92.90304,366333.0
3969300030,2014-12-29,239900.0,4,1.0,1000,7134,1.0,0,0,3,6,1000,0,1943,0,98178,47.4897,-122.24,1020,7138,348,2014-12-29,2014-12-29,2.6783,92.90304,642524.17
4031000520,2014-07-08,115000.0,1,2.0,1150,9812,1.0,0,0,4,7,1150,0,1962,0,98001,47.2951,-122.284,1200,9812,12210,2014-07-08,2014-07-08,2.215,106.838496,254724.99999999997
4031000520,2014-11-25,227000.0,1,2.0,1150,9812,1.0,0,0,4,7,1150,0,1962,0,98001,47.2951,-122.284,1200,9812,12211,2014-11-25,2014-11-25,2.5237,106.838496,572879.8999999999
4139420590,2014-05-20,1212500.0,4,3.5,4560,16643,1.0,0,3,3,12,2230,2330,1995,0,98006,47.5521,-122.115,4060,15177,7847,2014-05-20,2014-05-20,2.2156,423.6378624,2686414.9999999995
4139420590,2014-08-27,1200000.0,4,3.5,4560,16643,1.0,0,3,3,12,2230,2330,1995,0,98006,47.5521,-122.115,4060,15177,7848,2014-08-27,2014-08-27,2.2591,423.6378624,2710920.0
4139440480,2014-06-26,695000.0,3,2.75,2590,12063,2.0,0,0,3,10,2590,0,1993,0,98006,47.5527,-122.12,2850,8469,17206,2014-06-26,2014-06-26,2.2089,240.61887360000003,1535185.5
4139440480,2014-12-01,796500.0,3,2.75,2590,12063,2.0,0,0,3,10,2590,0,1993,0,98006,47.5527,-122.12,2850,8469,17207,2014-12-01,2014-12-01,2.5624,240.61887360000003,2040951.5999999999
4139480200,2014-06-18,1384000.0,4,3.25,4290,12103,1.0,0,3,3,11,2690,1600,1997,0,98006,47.5503,-122.102,3860,11244,315,2014-06-18,2014-06-18,2.2534,398.5540416,3118705.6
4139480200,2014-12-09,1400000.0,4,3.25,4290,12103,1.0,0,3,3,11,2690,1600,1997,0,98006,47.5503,-122.102,3860,11244,316,2014-12-09,2014-12-09,2.6016,398.5540416,3642240.0
4154300296,2014-09-26,235000.0,3,1.0,960,5030,1.0,0,0,3,7,960,0,1955,0,98118,47.5611,-122.28,1460,5400,8342,2014-09-26,2014-09-26,2.431,89.18691840000001,571285.0
4154300296,2015-03-18,545000.0,3,1.0,960,5030,1.0,0,0,3,7,960,0,1955,0,98118,47.5611,-122.28,1460,5400,8343,2015-03-18,2015-03-18,3.2518,89.18691840000001,1772231.0
4202400078,2015-01-28,175000.0,2,1.0,1410,7000,1.0,0,0,3,7,1410,0,1968,0,98055,47.4908,-122.223,1540,6000,15470,2015-01-28,2015-01-28,2.5797,130.99328640000002,451447.5
4202400078,2015-04-28,335000.0,2,1.0,1410,7000,1.0,0,0,3,7,1410,0,1968,0,98055,47.4908,-122.223,1540,6000,15471,2015-04-28,2015-04-28,2.8943,130.99328640000002,969590.5
4204400098,2015-01-19,250000.0,5,1.75,2190,8250,1.0,0,2,3,7,1190,1000,1963,0,98055,47.4887,-122.223,2570,8250,5274,2015-01-19,2015-01-19,2.6243,203.4576576,656075.0
4204400098,2015-04-21,385000.0,5,1.75,2190,8250,1.0,0,2,3,7,1190,1000,1963,0,98055,47.4887,-122.223,2570,8250,5275,2015-04-21,2015-04-20,3.0473,203.4576576,1173210.5
4222310010,2014-12-26,152500.0,4,1.0,1730,7350,1.5,0,0,4,6,1730,0,1970,0,98003,47.3467,-122.307,1440,7752,14995,2014-12-26,2014-12-26,2.6812,160.72225920000002,408883.0
4222310010,2015-04-20,267950.0,4,1.0,1730,7350,1.5,0,0,4,6,1730,0,1970,0,98003,47.3467,-122.307,1440,7752,14996,2015-04-20,2015-04-20,3.0473,160.72225920000002,816524.0349999999
4302201085,2014-09-18,248000.0,3,1.0,1470,7680,1.0,0,0,3,7,1220,250,1946,0,98106,47.5276,-122.359,1470,6784,9441,2014-09-18,2014-09-18,2.3668,136.5674688,586966.4
4302201085,2015-05-06,546940.0,3,1.0,1470,7680,1.0,0,0,3,7,1220,250,1946,0,98106,47.5276,-122.359,1470,6784,9442,2015-05-06,2015-05-06,3.042,136.5674688,1663791.48
4305200070,2014-05-19,350000.0,3,2.25,1640,7200,2.0,0,0,4,8,1640,0,1985,0,98007,47.5948,-122.153,1830,8372,11460,2014-05-19,2014-05-19,2.2111,152.36098560000002,773885.0
4305200070,2014-09-22,561000.0,3,2.25,1640,7200,2.0,0,0,4,8,1640,0,1985,0,98007,47.5948,-122.153,1830,8372,11461,2014-09-22,2014-09-22,2.387,152.36098560000002,1339107.0
4345000510,2014-10-15,180500.0,3,2.5,1800,8518,2.0,0,0,3,7,1800,0,1996,0,98030,47.3643,-122.185,1770,7570,2128,2014-10-15,2014-10-15,2.4316,167.22547200000002,438903.8
4345000510,2015-04-28,325000.0,3,2.5,1800,8518,2.0,0,0,3,7,1800,0,1996,0,98030,47.3643,-122.185,1770,7570,2129,2015-04-28,2015-04-28,2.8943,167.22547200000002,940647.5
4364700600,2014-12-16,216000.0,3,1.0,1010,7920,1.0,0,0,3,6,1010,0,1925,0,98126,47.5249,-122.37,1520,7560,3880,2014-12-16,2014-12-16,2.7403,93.8320704,591904.8
4364700600,2015-03-30,390000.0,3,1.0,1010,7920,1.0,0,0,3,6,1010,0,1925,0,98126,47.5249,-122.37,1520,7560,3881,2015-03-30,2015-03-30,3.2601,93.8320704,1271439.0
4435000705,2014-07-08,160000.0,3,1.0,1350,8700,1.5,0,0,3,6,1350,0,1942,0,98188,47.4497,-122.289,1300,8700,3795,2014-07-08,2014-07-08,2.215,125.419104,354400.0
4435000705,2015-03-09,255500.0,3,1.0,1350,8700,1.5,0,0,3,6,1350,0,1942,0,98188,47.4497,-122.289,1300,8700,3796,2015-03-09,2015-03-09,3.1018,125.419104,792509.9
4443800385,2014-08-18,410000.0,2,1.0,1480,4080,1.0,0,0,3,7,1050,430,1949,0,98117,47.6842,-122.393,1310,4080,9281,2014-08-18,2014-08-18,2.2595,137.49649920000002,926395.0
4443800385,2015-05-06,778100.0,2,1.0,1480,4080,1.0,0,0,3,7,1050,430,1949,0,98117,47.6842,-122.393,1310,4080,9282,2015-05-06,2015-05-06,3.042,137.49649920000002,2366980.1999999997
5054800110,2014-10-16,238000.0,5,2.25,2240,9652,2.0,0,0,3,7,2240,0,1990,0,98055,47.4249,-122.211,2180,11644,9491,2014-10-16,2014-10-16,2.477,208.1028096,589526.0
5054800110,2015-02-13,328000.0,5,2.25,2240,9652,2.0,0,0,3,7,2240,0,1990,0,98055,47.4249,-122.211,2180,11644,9492,2015-02-13,2015-02-13,2.8392,208.1028096,931257.6
5083000375,2014-10-27,170000.0,3,1.0,1310,9529,1.0,0,0,3,7,1310,0,1956,0,98198,47.4105,-122.295,1330,9529,3035,2014-10-27,2014-10-27,2.5341,121.70298240000001,430797.0
5083000375,2015-03-19,235000.0,3,1.0,1310,9529,1.0,0,0,3,7,1310,0,1956,0,98198,47.4105,-122.295,1330,9529,3036,2015-03-19,2015-03-19,3.2642,121.70298240000001,767087.0
5101402435,2014-06-03,312000.0,3,2.25,1540,5338,1.0,0,0,5,7,770,770,1954,0,98115,47.6942,-122.304,1680,6525,11289,2014-06-03,2014-06-03,2.2654,143.0706816,706804.8
5101402435,2015-03-04,539000.0,3,2.25,1540,5338,1.0,0,0,5,7,770,770,1954,0,98115,47.6942,-122.304,1680,6525,11290,2015-03-04,2015-03-04,2.9804,143.0706816,1606435.5999999999
5101405604,2014-08-14,350000.0,1,1.0,900,6380,1.0,0,0,3,6,900,0,1947,0,98125,47.7019,-122.311,1830,6380,8534,2014-08-14,2014-08-14,2.2703,83.61273600000001,794605.0000000001
5101405604,2015-04-28,395000.0,1,1.0,900,6380,1.0,0,0,3,6,900,0,1947,0,98125,47.7019,-122.311,1830,6380,8535,2015-04-28,2015-04-28,2.8943,83.61273600000001,1143248.5
5127001320,2014-11-25,190000.0,3,1.75,1520,9600,1.0,0,0,4,7,1520,0,1967,0,98059,47.473,-122.149,1590,10183,8632,2014-11-25,2014-11-25,2.5237,141.2126208,479502.99999999994
5127001320,2015-02-23,314950.0,3,1.75,1520,9600,1.0,0,0,4,7,1520,0,1967,0,98059,47.473,-122.149,1590,10183,8633,2015-02-23,2015-02-23,2.8811,141.2126208,907402.445
5132000140,2014-06-18,175000.0,6,1.0,1370,5080,1.5,0,0,3,6,1120,250,1931,0,98106,47.5238,-122.35,1020,5080,12340,2014-06-18,2014-06-18,2.2534,127.27716480000001,394345.0
5132000140,2015-01-20,415000.0,6,1.0,1370,5080,1.5,0,0,3,6,1120,250,1931,0,98106,47.5238,-122.35,1020,5080,12341,2015-01-20,2015-01-20,2.6247,127.27716480000001,1089250.5
5249801440,2014-12-16,250000.0,3,1.0,1660,7650,1.5,0,0,3,7,1350,310,1910,0,98118,47.5576,-122.277,1750,5760,6904,2014-12-16,2014-12-16,2.7403,154.2190464,685075.0
5249801440,2015-04-22,570000.0,3,1.0,1660,7650,1.5,0,0,3,7,1350,310,1910,0,98118,47.5576,-122.277,1750,5760,6905,2015-04-22,2015-04-22,3.0186,154.2190464,1720602.0
5282200015,2014-05-27,525000.0,5,3.0,2750,3800,1.5,0,0,5,7,1750,1000,1926,0,98115,47.6845,-122.313,1900,3800,8906,2014-05-27,2014-05-27,2.2354,255.48336,1173585.0
5282200015,2015-01-26,840000.0,5,3.0,2750,3800,1.5,0,0,5,7,1750,1000,1926,0,98115,47.6845,-122.313,1900,3800,8907,2015-01-26,2015-01-26,2.5966,255.48336,2181144.0
5332200530,2014-06-13,910000.0,5,2.5,2350,4000,2.0,0,0,3,9,2350,0,1993,0,98112,47.6265,-122.296,1840,4000,13736,2014-06-13,2014-06-13,2.2347,218.322144,2033577.0000000002
5332200530,2015-04-24,1015000.0,5,2.5,2350,4000,2.0,0,0,3,9,2350,0,1993,0,98112,47.6265,-122.296,1840,4000,13737,2015-04-24,2015-04-24,2.9745,218.322144,3019117.5
5417600130,2014-10-10,244500.0,2,1.0,910,9000,1.0,0,0,3,5,910,0,1923,0,98065,47.526,-121.81,1290,9000,6721,2014-10-10,2014-10-10,2.4103,84.5417664,589318.35
5417600130,2015-05-12,301000.0,2,1.0,910,9000,1.0,0,0,3,5,910,0,1923,0,98065,47.526,-121.81,1290,9000,6722,2015-05-12,2015-05-12,3.0389,84.5417664,914708.9
5430300171,2014-07-03,430000.0,3,1.5,1810,5080,1.0,0,0,3,7,1030,780,1958,0,98115,47.6819,-122.287,1780,7620,12334,2014-07-03,2014-07-03,2.2281,168.1545024,958083.0
5430300171,2015-01-29,615500.0,3,1.5,1810,5080,1.0,0,0,3,7,1030,780,1958,0,98115,47.6819,-122.287,1780,7620,12335,2015-01-29,2015-01-29,2.596,168.1545024,1597838.0
5536100020,2014-12-15,987000.0,3,2.0,2160,15788,1.0,0,0,3,8,2160,0,1951,0,98004,47.6227,-122.207,2260,9787,16014,2014-12-15,2014-12-15,2.6717,200.6705664,2636967.9
5536100020,2015-05-12,1190000.0,3,2.0,2160,15788,1.0,0,0,3,8,2160,0,1951,0,98004,47.6227,-122.207,2260,9787,16015,2015-05-12,2015-05-12,3.0389,200.6705664,3616291.0
6021500970,2014-05-28,345000.0,2,1.0,1080,4000,1.0,0,0,3,7,1080,0,1940,0,98117,47.6902,-122.387,1530,4240,19337,2014-05-28,2014-05-28,2.2405,100.3352832,772972.5
6021500970,2015-04-07,874950.0,2,1.0,1080,4000,1.0,0,0,3,7,1080,0,1940,0,98117,47.6902,-122.387,1530,4240,19338,2015-04-07,2015-04-07,3.1231,100.3352832,2732556.345
6021501535,2014-07-25,430000.0,3,1.5,1580,5000,1.0,0,0,3,8,1290,290,1939,0,98117,47.687,-122.386,1570,4500,95,2014-07-25,2014-07-25,2.2293,146.7868032,958598.9999999999
6021501535,2014-12-23,700000.0,3,1.5,1580,5000,1.0,0,0,3,8,1290,290,1939,0,98117,47.687,-122.386,1570,4500,96,2014-12-23,2014-12-23,2.6775,146.7868032,1874250.0000000002
6117501820,2014-06-18,250275.0,2,1.0,790,11234,1.0,0,0,4,6,790,0,1942,0,98166,47.4413,-122.349,1930,11871,1236,2014-06-18,2014-06-18,2.2534,73.3934016,563969.685
6117501820,2015-04-28,435000.0,2,1.0,790,11234,1.0,0,0,4,6,790,0,1942,0,98166,47.4413,-122.349,1930,11871,1237,2015-04-28,2015-04-28,2.8943,73.3934016,1259020.5
6141100320,2014-07-07,245000.0,2,1.0,1500,6685,1.0,0,0,3,7,1190,310,1926,0,98133,47.7186,-122.354,1420,6561,11063,2014-07-07,2014-07-07,2.2201,139.35456000000002,543924.5
6141100320,2015-02-13,570000.0,2,1.0,1500,6685,1.0,0,0,3,7,1190,310,1926,0,98133,47.7186,-122.354,1420,6561,11064,2015-02-13,2015-02-13,2.8392,139.35456000000002,1618344.0
6143000020,2014-10-27,175000.0,3,1.75,1910,17003,1.5,0,0,4,8,1910,0,1963,0,98001,47.3095,-122.283,1820,14806,17135,2014-10-27,2014-10-27,2.5341,177.4448064,443467.5
6143000020,2015-04-06,299000.0,3,1.75,1910,17003,1.5,0,0,4,8,1910,0,1963,0,98001,47.3095,-122.283,1820,14806,17136,2015-04-06,2015-04-06,3.0926,177.4448064,924687.4
6300000226,2014-06-26,240000.0,4,1.0,1200,2171,1.5,0,0,3,7,1200,0,1933,0,98133,47.7076,-122.342,1130,1598,20781,2014-06-26,2014-06-26,2.2089,111.483648,530136.0
6300000226,2015-05-04,380000.0,4,1.0,1200,2171,1.5,0,0,3,7,1200,0,1933,0,98133,47.7076,-122.342,1130,1598,20782,2015-05-04,2015-05-04,3.0754,111.483648,1168652.0
6308000010,2014-12-08,585000.0,3,2.5,2290,5089,2.0,0,0,3,9,2290,0,2001,0,98006,47.5443,-122.172,2290,7984,14984,2014-12-08,2014-12-08,2.5923,212.74796160000002,1516495.5
6308000010,2015-04-23,585000.0,3,2.5,2290,5089,2.0,0,0,3,9,2290,0,2001,0,98006,47.5443,-122.172,2290,7984,14985,2015-04-23,2015-04-23,3.0084,212.74796160000002,1759914.0
6381500170,2014-08-26,235000.0,2,1.0,910,7617,1.0,0,0,3,6,910,0,1936,0,98125,47.7332,-122.305,1310,6624,5758,2014-08-26,2014-08-26,2.2748,84.5417664,534578.0
6381500170,2015-01-16,365000.0,2,1.0,910,7617,1.0,0,0,3,6,910,0,1936,0,98125,47.7332,-122.305,1310,6624,5759,2015-01-16,2015-01-16,2.6193,84.5417664,956044.5
6623400187,2014-09-23,185000.0,4,1.0,1760,8906,1.0,0,0,3,7,1230,530,1966,0,98055,47.4288,-122.198,1180,10407,10321,2014-09-23,2014-09-23,2.4026,163.50935040000002,444481.0
6623400187,2015-02-20,365000.0,4,1.0,1760,8906,1.0,0,0,3,7,1230,530,1966,0,98055,47.4288,-122.198,1180,10407,10322,2015-02-20,2015-02-20,2.8701,163.50935040000002,1047586.5
6632900574,2014-08-06,367500.0,5,3.0,2980,10064,1.0,0,0,3,7,1680,1300,1940,0,98155,47.7372,-122.316,1590,7800,5342,2014-08-06,2014-08-06,2.279,276.8510592,837532.5
6632900574,2015-02-25,595000.0,5,3.0,2980,10064,1.0,0,0,3,7,1680,1300,1940,0,98155,47.7372,-122.316,1590,7800,5343,2015-02-25,2015-02-25,2.8646,276.8510592,1704437.0
6669020290,2014-10-23,169000.0,3,1.75,1720,9775,1.0,0,0,3,8,1720,0,1978,0,98032,47.3731,-122.286,1970,8400,15158,2014-10-23,2014-10-23,2.5004,159.7932288,422567.6
6669020290,2015-03-04,279950.0,3,1.75,1720,9775,1.0,0,0,3,8,1720,0,1978,0,98032,47.3731,-122.286,1970,8400,15159,2015-03-04,2015-03-04,2.9804,159.7932288,834362.98
6751300375,2014-07-02,415000.0,3,1.0,1520,9030,1.0,0,0,3,7,1520,0,1956,0,98007,47.587,-122.134,1470,8712,18235,2014-07-02,2014-07-02,2.2134,141.2126208,918561.0
6751300375,2014-10-16,522500.0,3,1.0,1520,9030,1.0,0,0,3,7,1520,0,1956,0,98007,47.587,-122.134,1470,8712,18236,2014-10-16,2014-10-16,2.477,141.2126208,1294232.5
6791200120,2014-09-23,480000.0,3,2.25,1820,13362,1.0,0,0,3,8,1220,600,1977,0,98075,47.5898,-122.052,2050,15000,17853,2014-09-23,2014-09-23,2.4026,169.0835328,1153248.0
6791200120,2015-04-07,515000.0,3,2.25,1820,13362,1.0,0,0,3,8,1220,600,1977,0,98075,47.5898,-122.052,2050,15000,17854,2015-04-07,2015-04-07,3.1231,169.0835328,1608396.5
7129304540,2014-12-20,133000.0,5,2.0,1430,5600,1.5,0,0,3,6,1430,0,1947,0,98118,47.5192,-122.266,1860,5980,15812,2014-12-20,2014-12-19,2.6486,132.85134720000002,352263.8
7129304540,2015-05-14,440000.0,5,2.0,1430,5600,1.5,0,0,3,6,1430,0,1947,0,98118,47.5192,-122.266,1860,5980,15813,2015-05-14,2015-05-14,3.0032,132.85134720000002,1321408.0
7167000040,2014-08-13,740000.0,4,3.0,3350,199253,2.0,0,0,3,10,3350,0,2004,0,98010,47.3602,-121.988,3350,183897,13300,2014-08-13,2014-08-13,2.2692,311.225184,1679208.0
7167000040,2015-03-05,700000.0,4,3.0,3350,199253,2.0,0,0,3,10,3350,0,2004,0,98010,47.3602,-121.988,3350,183897,13301,2015-03-05,2015-03-05,2.9931,311.225184,2095170.0
7227800055,2014-09-09,199500.0,4,2.0,1750,8116,1.0,0,0,4,5,1750,0,1943,0,98056,47.5097,-122.181,1440,7865,10918,2014-09-09,2014-09-09,2.2813,162.58032,455119.35
7227800055,2014-11-24,247000.0,4,2.0,1750,8116,1.0,0,0,4,5,1750,0,1943,0,98056,47.5097,-122.181,1440,7865,10919,2014-11-24,2014-11-24,2.5282,162.58032,624465.4
7230400400,2014-09-26,240000.0,3,2.0,1220,17652,1.0,0,0,4,7,1220,0,1980,0,98059,47.4712,-122.1,1990,17652,12032,2014-09-26,2014-09-26,2.431,113.3417088,583440.0
7230400400,2015-03-26,415500.0,3,2.0,1220,17652,1.0,0,0,4,7,1220,0,1980,0,98059,47.4712,-122.1,1990,17652,12033,2015-03-26,2015-03-26,3.1915,113.3417088,1326068.25
7387500235,2014-05-15,340000.0,3,1.75,1960,8136,1.0,0,0,3,7,980,980,1948,0,98106,47.5208,-122.364,1070,7480,17484,2014-05-15,2014-05-15,2.2166,182.0899584,753644.0
7387500235,2015-03-17,363000.0,3,1.75,1960,8136,1.0,0,0,3,7,980,980,1948,0,98106,47.5208,-122.364,1070,7480,17485,2015-03-17,2015-03-17,3.2683,182.0899584,1186392.9
7409700215,2014-06-06,550000.0,3,1.5,1900,5000,1.5,0,0,3,7,1640,260,1926,0,98115,47.6779,-122.294,2090,5000,3300,2014-06-06,2014-06-06,2.2445,176.51577600000002,1234475.0
7409700215,2015-03-13,921500.0,3,1.5,1900,5000,1.5,0,0,3,7,1640,260,1926,0,98115,47.6779,-122.294,2090,5000,3301,2015-03-13,2015-03-13,3.2264,176.51577600000002,2973127.6
7504021310,2014-05-06,525000.0,3,2.5,2970,11985,1.0,0,0,3,9,1770,1200,1995,0,98074,47.6359,-122.052,2990,12049,15003,2014-05-06,2014-05-06,2.2322,275.9220288,1171905.0
7504021310,2014-12-04,745000.0,3,2.5,2970,11985,1.0,0,0,3,9,1770,1200,1995,0,98074,47.6359,-122.052,2990,12049,15004,2014-12-04,2014-12-04,2.5797,275.9220288,1921876.5
7520000520,2014-09-05,232000.0,2,1.0,1240,12092,1.0,0,0,3,6,960,280,1922,1984,98146,47.4957,-122.352,1820,7460,326,2014-09-05,2014-09-05,2.2416,115.19976960000001,520051.2
7520000520,2015-03-11,240500.0,2,1.0,1240,12092,1.0,0,0,3,6,960,280,1922,1984,98146,47.4957,-122.352,1820,7460,327,2015-03-11,2015-03-11,3.1162,115.19976960000001,749446.1
7520000695,2014-11-04,151100.0,3,1.0,840,4495,1.0,0,0,3,6,840,0,1921,0,98146,47.496,-122.349,1260,7434,12123,2014-11-04,2014-11-04,2.5195,78.0385536,380696.44999999995
7520000695,2015-04-21,251000.0,3,1.0,840,4495,1.0,0,0,3,6,840,0,1921,0,98146,47.496,-122.349,1260,7434,12124,2015-04-21,2015-04-20,3.0473,78.0385536,764872.2999999999
7524400250,2014-08-22,424240.0,3,2.0,2080,12094,2.0,0,0,4,8,2080,0,1982,0,98052,47.7035,-122.164,2230,12204,5253,2014-08-22,2014-08-22,2.2778,193.23832320000002,966333.872
7524400250,2014-11-24,589950.0,3,2.0,2080,12094,2.0,0,0,4,8,2080,0,1982,0,98052,47.7035,-122.164,2230,12204,5254,2014-11-24,2014-11-24,2.5282,193.23832320000002,1491511.59
7657000540,2014-09-02,165000.0,4,1.0,1220,7980,1.5,0,0,3,6,1220,0,1944,0,98178,47.4924,-122.237,1210,7920,18566,2014-09-02,2014-09-02,2.2521,113.3417088,371596.5
7657000540,2015-03-04,260000.0,4,1.0,1220,7980,1.5,0,0,3,6,1220,0,1944,0,98178,47.4924,-122.237,1210,7920,18567,2015-03-04,2015-03-04,2.9804,113.3417088,774904.0
7701960990,2014-06-16,862000.0,4,2.5,3190,14565,2.0,0,0,3,11,3190,0,1990,0,98077,47.713,-122.072,3420,20475,11364,2014-06-16,2014-06-16,2.2313,296.36069760000004,1923380.6
7701960990,2014-08-19,870000.0,4,2.5,3190,14565,2.0,0,0,3,11,3190,0,1990,0,98077,47.713,-122.072,3420,20475,11365,2014-08-19,2014-08-19,2.2587,296.36069760000004,1965069.0000000002
7853400250,2014-06-04,610000.0,4,3.5,2910,5260,2.0,0,0,3,9,2910,0,2012,0,98065,47.5168,-121.883,2910,5260,20182,2014-06-04,2014-06-04,2.2802,270.34784640000004,1390921.9999999998
7853400250,2015-02-19,645000.0,4,3.5,2910,5260,2.0,0,0,3,9,2910,0,2012,0,98065,47.5168,-121.883,2910,5260,20183,2015-02-19,2015-02-19,2.8545,270.34784640000004,1841152.4999999998
7853420110,2014-10-03,594866.0,3,3.0,2780,6000,2.0,0,0,3,9,2780,0,2013,0,98065,47.5184,-121.886,2850,6000,21582,2014-10-03,2014-10-03,2.4932,258.2704512,1483119.9112
7853420110,2015-05-04,625000.0,3,3.0,2780,6000,2.0,0,0,3,9,2780,0,2013,0,98065,47.5184,-121.886,2850,6000,21583,2015-05-04,2015-05-04,3.0754,258.2704512,1922125.0
7856400240,2014-06-27,1620000.0,4,3.0,3900,9750,1.0,0,4,5,10,2520,1380,1972,0,98006,47.5605,-122.158,3410,9450,2566,2014-06-27,2014-06-27,2.1975,362.321856,3559949.9999999995
7856400240,2015-02-11,1650000.0,4,3.0,3900,9750,1.0,0,4,5,10,2520,1380,1972,0,98006,47.5605,-122.158,3410,9450,2567,2015-02-11,2015-02-11,2.8576,362.321856,4715040.0
7856400300,2014-07-02,1411600.0,2,2.5,3180,9400,2.0,0,4,5,10,2610,570,1985,0,98006,47.5617,-122.158,3760,9450,18993,2014-07-02,2014-07-02,2.2134,295.4316672,3124435.44
7856400300,2015-03-22,1505000.0,2,2.5,3180,9400,2.0,0,4,5,10,2610,570,1985,0,98006,47.5617,-122.158,3760,9450,18994,2015-03-22,2015-03-20,3.2423,295.4316672,4879661.5
7888000390,2014-06-27,140000.0,3,1.0,1060,7473,1.0,0,0,3,7,1060,0,1959,0,98198,47.3699,-122.309,1320,7912,1578,2014-06-27,2014-06-27,2.1975,98.4772224,307649.99999999994
7888000390,2015-04-01,235000.0,3,1.0,1060,7473,1.0,0,0,3,7,1060,0,1959,0,98198,47.3699,-122.309,1320,7912,1579,2015-04-01,2015-04-01,3.1556,98.4772224,741566.0
7893805650,2014-05-05,210000.0,5,2.0,2050,10200,1.0,0,0,3,6,1430,620,1956,0,98198,47.4136,-122.333,1940,8625,15658,2014-05-05,2014-05-05,2.2286,190.451232,468006.0
7893805650,2015-03-13,475000.0,5,2.0,2050,10200,1.0,0,0,3,6,1430,620,1956,0,98198,47.4136,-122.333,1940,8625,15659,2015-03-13,2015-03-13,3.2264,190.451232,1532540.0
7899800045,2014-08-28,107000.0,3,1.5,910,5120,1.0,0,0,3,6,910,0,1973,0,98106,47.5238,-122.356,1410,5132,12379,2014-08-28,2014-08-28,2.2499,84.5417664,240739.3
7899800045,2014-12-02,232900.0,3,1.5,910,5120,1.0,0,0,3,6,910,0,1973,0,98106,47.5238,-122.356,1410,5132,12380,2014-12-02,2014-12-02,2.5664,84.5417664,597714.5599999999
7961500010,2014-08-06,245000.0,3,2.25,2210,10794,1.0,0,0,3,7,1540,670,1967,0,98178,47.4911,-122.224,2230,10753,15148,2014-08-06,2014-08-06,2.279,205.3157184,558355.0
7961500010,2015-03-04,520000.0,3,2.25,2210,10794,1.0,0,0,3,7,1540,670,1967,0,98178,47.4911,-122.224,2230,10753,15149,2015-03-04,2015-03-04,2.9804,205.3157184,1549808.0
7972000010,2014-05-20,120750.0,3,1.75,1140,9628,1.0,0,0,4,7,1140,0,1969,0,98023,47.2933,-122.372,1510,9633,15367,2014-05-20,2014-05-20,2.2156,105.9094656,267533.69999999995
7972000010,2014-10-21,195000.0,3,1.75,1140,9628,1.0,0,0,4,7,1140,0,1969,0,98023,47.2933,-122.372,1510,9633,15368,2014-10-21,2014-10-21,2.4797,105.9094656,483541.49999999994
7977201065,2014-11-04,350000.0,3,1.75,1380,4590,1.0,0,0,2,7,930,450,1950,0,98115,47.6841,-122.293,1320,4692,8917,2014-11-04,2014-11-04,2.5195,128.2061952,881825.0
7977201065,2015-03-05,740000.0,3,1.75,1380,4590,1.0,0,0,2,7,930,450,1950,0,98115,47.6841,-122.293,1320,4692,8918,2015-03-05,2015-03-05,2.9931,128.2061952,2214894.0
7983000200,2014-10-05,169575.0,3,1.0,1300,8284,1.0,0,0,3,7,1300,0,1968,0,98003,47.3327,-122.306,1360,7848,2633,2014-10-05,2014-10-03,2.4932,120.77395200000001,422784.38999999996
7983000200,2015-02-25,250000.0,3,1.0,1300,8284,1.0,0,0,3,7,1300,0,1968,0,98003,47.3327,-122.306,1360,7848,2634,2015-02-25,2015-02-25,2.8646,120.77395200000001,716150.0
8062900070,2014-09-09,272000.0,5,1.5,2550,6300,1.0,0,0,4,7,1560,990,1959,0,98056,47.5014,-122.172,1380,6300,1130,2014-09-09,2014-09-09,2.2813,236.90275200000002,620513.6
8062900070,2015-02-13,369000.0,5,1.5,2550,6300,1.0,0,0,4,7,1560,990,1959,0,98056,47.5014,-122.172,1380,6300,1131,2015-02-13,2015-02-13,2.8392,236.90275200000002,1047664.7999999999
8103000110,2014-06-03,280000.0,2,1.5,1480,15641,1.0,0,0,4,7,1480,0,1940,0,98146,47.5008,-122.366,1520,7525,9508,2014-06-03,2014-06-03,2.2654,137.49649920000002,634312.0
8103000110,2015-02-05,490000.0,2,1.5,1480,15641,1.0,0,0,4,7,1480,0,1940,0,98146,47.5008,-122.366,1520,7525,9509,2015-02-05,2015-02-05,2.7386,137.49649920000002,1341914.0
8121100395,2014-06-24,425000.0,4,1.5,1600,6180,1.5,0,0,3,6,1600,0,1946,0,98118,47.5681,-122.285,1410,6180,18707,2014-06-24,2014-06-24,2.2217,148.644864,944222.4999999999
8121100395,2015-03-11,645000.0,4,1.5,1600,6180,1.5,0,0,3,6,1600,0,1946,0,98118,47.5681,-122.285,1410,6180,18708,2015-03-11,2015-03-11,3.1162,148.644864,2009949.0
8129700644,2014-07-03,715000.0,3,4.0,2080,2250,3.0,0,4,3,8,2080,0,1997,0,98103,47.6598,-122.355,2080,2250,9279,2014-07-03,2014-07-03,2.2281,193.23832320000002,1593091.5
8129700644,2015-04-24,780000.0,3,4.0,2080,2250,3.0,0,4,3,8,2080,0,1997,0,98103,47.6598,-122.355,2080,2250,9280,2015-04-24,2015-04-24,2.9745,193.23832320000002,2320110.0
8161020060,2014-06-20,443500.0,4,2.5,2040,21781,2.0,0,0,3,8,2040,0,1994,0,98014,47.6458,-121.904,2410,21781,11204,2014-06-20,2014-06-20,2.238,189.52220160000002,992553.0
8161020060,2015-04-14,471000.0,4,2.5,2040,21781,2.0,0,0,3,8,2040,0,1994,0,98014,47.6458,-121.904,2410,21781,11205,2015-04-14,2015-04-14,3.088,189.52220160000002,1454448.0
8564860270,2014-07-08,449990.0,4,2.5,2680,5539,2.0,0,0,3,8,2680,0,2013,0,98045,47.4759,-121.734,2680,5992,20671,2014-07-08,2014-07-08,2.215,248.9801472,996727.85
8564860270,2015-03-30,502000.0,4,2.5,2680,5539,2.0,0,0,3,8,2680,0,2013,0,98045,47.4759,-121.734,2680,5992,20672,2015-03-30,2015-03-30,3.2601,248.9801472,1636570.2
8645530010,2014-05-15,225000.0,3,2.0,1400,7384,1.0,0,0,3,7,1150,250,1979,0,98058,47.4655,-122.174,1820,7992,6535,2014-05-15,2014-05-15,2.2166,130.064256,498735.0
8645530010,2015-03-25,295000.0,3,2.0,1400,7384,1.0,0,0,3,7,1150,250,1979,0,98058,47.4655,-122.174,1820,7992,6536,2015-03-25,2015-03-25,3.1476,130.064256,928542.0
8648900110,2014-05-05,555000.0,3,2.5,1940,3211,2.0,0,0,3,8,1940,0,2009,0,98027,47.5644,-122.093,1880,3078,20055,2014-05-05,2014-05-05,2.2286,180.23189760000002,1236873.0
8648900110,2014-08-26,555000.0,3,2.5,1940,3211,2.0,0,0,3,8,1940,0,2009,0,98027,47.5644,-122.093,1880,3078,20056,2014-08-26,2014-08-26,2.2748,180.23189760000002,1262514.0
8651402750,2015-02-18,132825.0,3,1.5,1210,5200,1.0,0,0,5,6,1210,0,1969,0,98042,47.3615,-122.087,1120,5200,17068,2015-02-18,2015-02-18,2.843,112.4126784,377621.475
8651402750,2015-04-30,219950.0,3,1.5,1210,5200,1.0,0,0,5,6,1210,0,1969,0,98042,47.3615,-122.087,1120,5200,17069,2015-04-30,2015-04-30,2.9936,112.4126784,658442.32
8651510380,2014-08-21,310000.0,3,2.0,2070,9195,1.0,0,0,3,8,1220,850,1982,0,98074,47.6491,-122.061,2080,9551,6791,2014-08-21,2014-08-21,2.2582,192.3092928,700042.0
8651510380,2014-12-16,539000.0,3,2.0,2070,9195,1.0,0,0,3,8,1220,850,1982,0,98074,47.6491,-122.061,2080,9551,6792,2014-12-16,2014-12-16,2.7403,192.3092928,1477021.7
8682262400,2014-07-18,430000.0,2,1.75,1350,4003,1.0,0,0,3,8,1350,0,2004,0,98053,47.7176,-122.033,1350,4479,838,2014-07-18,2014-07-18,2.2362,125.419104,961566.0000000001
8682262400,2015-05-13,419950.0,2,1.75,1350,4003,1.0,0,0,3,8,1350,0,2004,0,98053,47.7176,-122.033,1350,4479,839,2015-05-13,2015-05-13,3.0103,125.419104,1264175.485
8807810890,2014-08-27,259875.0,3,1.0,1250,21303,1.0,0,0,3,6,1250,0,1970,0,98053,47.6625,-122.059,1250,17920,11588,2014-08-27,2014-08-27,2.2591,116.12880000000001,587083.6125
8807810890,2014-11-05,385000.0,3,1.0,1250,21303,1.0,0,0,3,6,1250,0,1970,0,98053,47.6625,-122.059,1250,17920,11589,2014-11-05,2014-11-05,2.5168,116.12880000000001,968968.0
8820903380,2014-07-28,452000.0,6,2.25,2660,13579,2.0,0,0,3,7,2660,0,1937,1990,98125,47.7142,-122.286,1120,8242,719,2014-07-28,2014-07-28,2.2302,247.12208640000003,1008050.4
8820903380,2015-01-02,730000.0,6,2.25,2660,13579,2.0,0,0,3,7,2660,0,1937,1990,98125,47.7142,-122.286,1120,8242,720,2015-01-02,2015-01-02,2.6929,247.12208640000003,1965817.0
8832900780,2014-10-13,480000.0,5,2.0,1760,21562,1.0,0,1,3,8,1560,200,1959,0,98028,47.7597,-122.263,2150,12676,6436,2014-10-13,2014-10-13,2.3923,163.50935040000002,1148304.0
8832900780,2015-04-08,647500.0,5,2.0,1760,21562,1.0,0,1,3,8,1560,200,1959,0,98028,47.7597,-122.263,2150,12676,6437,2015-04-08,2015-04-08,3.0834,163.50935040000002,1996501.5
8910500150,2014-05-29,329932.0,3,1.5,1460,5040,1.0,0,0,3,7,1100,360,1971,0,98133,47.7112,-122.357,2330,7560,12922,2014-05-29,2014-05-29,2.2251,135.6384384,734131.6932
8910500150,2015-01-20,539000.0,3,1.5,1460,5040,1.0,0,0,3,7,1100,360,1971,0,98133,47.7112,-122.357,2330,7560,12923,2015-01-20,2015-01-20,2.6247,135.6384384,1414713.2999999998
8945100320,2014-05-06,136500.0,3,1.5,1420,8580,1.0,0,0,3,6,1420,0,1962,0,98023,47.3076,-122.362,1200,8580,10228,2014-05-06,2014-05-06,2.2322,131.9223168,304695.30000000005
8945100320,2014-10-08,224097.0,3,1.5,1420,8580,1.0,0,0,3,6,1420,0,1962,0,98023,47.3076,-122.362,1200,8580,10229,2014-10-08,2014-10-08,2.4072,131.9223168,539446.2984
9136103130,2014-12-01,430000.0,2,1.5,1090,4013,1.5,0,0,3,7,1090,0,1900,0,98103,47.6652,-122.338,1390,4013,2978,2014-12-01,2014-12-01,2.5624,101.26431360000001,1101832.0
9136103130,2015-05-12,685000.0,2,1.5,1090,4013,1.5,0,0,3,7,1090,0,1900,0,98103,47.6652,-122.338,1390,4013,2979,2015-05-12,2015-05-12,3.0389,101.26431360000001,2081646.5
9211500620,2014-10-08,182700.0,3,2.25,1740,6650,1.0,0,0,3,7,1240,500,1978,0,98023,47.2979,-122.379,1740,7000,13025,2014-10-08,2014-10-08,2.4072,161.6512896,439795.44
9211500620,2015-04-28,305000.0,3,2.25,1740,6650,1.0,0,0,3,7,1240,500,1978,0,98023,47.2979,-122.379,1740,7000,13026,2015-04-28,2015-04-28,2.8943,161.6512896,882761.5
9222400605,2014-11-15,842500.0,5,4.0,2980,4500,1.5,0,0,3,7,2070,910,1921,0,98115,47.6736,-122.323,1560,4225,6373,2014-11-15,2014-11-14,2.6136,276.8510592,2201958.0
9222400605,2015-04-11,850000.0,5,4.0,2980,4500,1.5,0,0,3,7,2070,910,1921,0,98115,47.6736,-122.323,1560,4225,6374,2015-04-11,2015-04-10,3.0796,276.8510592,2617660.0
9238500040,2014-06-24,400000.0,3,2.5,2970,23100,1.0,0,0,3,7,1510,1460,1967,0,98072,47.7735,-122.133,2390,20300,12834,2014-06-24,2014-06-24,2.2217,275.9220288,888679.9999999999
9238500040,2015-02-10,599000.0,3,2.5,2970,23100,1.0,0,0,3,7,1510,1460,1967,0,98072,47.7735,-122.133,2390,20300,12835,2015-02-10,2015-02-10,2.8075,275.9220288,1681692.5
9250900104,2014-11-10,300000.0,5,1.75,2110,8500,1.0,0,0,3,7,1100,1010,1962,0,98133,47.7737,-122.35,2020,8500,16673,2014-11-10,2014-11-10,2.539,196.02541440000002,761700.0
9250900104,2015-04-10,496000.0,5,1.75,2110,8500,1.0,0,0,3,7,1100,1010,1962,0,98133,47.7737,-122.35,2020,8500,16674,2015-04-10,2015-04-10,3.0796,196.02541440000002,1527481.6
9353300600,2014-06-24,348500.0,3,1.5,1360,10726,1.0,0,0,4,7,1360,0,1966,0,98059,47.4948,-122.134,1650,10726,4344,2014-06-24,2014-06-24,2.2217,126.3481344,774262.45
9353300600,2015-03-26,370000.0,3,1.5,1360,10726,1.0,0,0,4,7,1360,0,1966,0,98059,47.4948,-122.134,1650,10726,4345,2015-03-26,2015-03-26,3.1915,126.3481344,1180855.0
9407110710,2014-11-07,195000.0,3,1.75,1510,8400,1.0,0,0,2,7,980,530,1979,0,98045,47.4476,-121.771,1500,10125,2495,2014-11-07,2014-11-07,2.5721,140.2835904,501559.49999999994
9407110710,2015-02-26,322000.0,3,1.75,1510,8400,1.0,0,0,2,7,980,530,1979,0,98045,47.4476,-121.771,1500,10125,2496,2015-02-26,2015-02-26,2.8728,140.2835904,925041.6
9809000020,2014-05-13,1895000.0,5,2.25,3120,16672,2.0,0,0,4,9,3120,0,1969,0,98004,47.6458,-122.219,3740,17853,4924,2014-05-13,2014-05-13,2.2101,289.8574848,4188139.5000000005
9809000020,2015-03-13,1940000.0,5,2.25,3120,16672,2.0,0,0,4,9,3120,0,1969,0,98004,47.6458,-122.219,3740,17853,4925,2015-03-13,2015-03-13,3.2264,289.8574848,6259216.0
9828200460,2014-06-27,260000.0,2,1.0,700,4800,1.0,0,0,3,7,700,0,1922,0,98122,47.6147,-122.3,1440,4800,6347,2014-06-27,2014-06-27,2.1975,65.032128,571350.0
9828200460,2015-01-06,430000.0,2,1.0,700,4800,1.0,0,0,3,7,700,0,1922,0,98122,47.6147,-122.3,1440,4800,6348,2015-01-06,2015-01-06,2.7023,65.032128,1161989.0
9834200305,2014-07-16,350000.0,3,1.0,1790,3876,1.5,0,0,5,7,1090,700,1904,0,98144,47.575,-122.288,1360,4080,15201,2014-07-16,2014-07-16,2.2193,166.2964416,776755.0
9834200305,2015-02-10,615000.0,3,1.0,1790,3876,1.5,0,0,5,7,1090,700,1904,0,98144,47.575,-122.288,1360,4080,15202,2015-02-10,2015-02-10,2.8075,166.2964416,1726612.5
9834200885,2014-07-17,360000.0,4,2.5,2080,4080,1.0,0,0,5,7,1040,1040,1962,0,98144,47.572,-122.29,1340,4080,1087,2014-07-17,2014-07-17,2.2403,193.23832320000002,806508.0
9834200885,2015-04-20,550000.0,4,2.5,2080,4080,1.0,0,0,5,7,1040,1040,1962,0,98144,47.572,-122.29,1340,4080,1088,2015-04-20,2015-04-20,3.0473,193.23832320000002,1676015.0
